time,seconds_elapsed,bearingAccuracy,speedAccuracy,verticalAccuracy,horizontalAccuracy,speed,bearing,altitude,longitude,latitude
1751064261287000000,0.446,45,1.5,2.791593551635742,38.06999969482422,0,0,813.5,-68.7828041,-32.9597557
1751064266032000000,5.191,0,1.5,2.791593551635742,227.8699951171875,0,0,813.5,-68.7828041,-32.9597557
1751064270812036400,9.971036376953125,16.060712814331055,2.605379104614258,2.8868439197540283,23.7450008392334,4.093679428100586,290.3460998535156,813.5,-68.7828372,-32.9596348
1751064271814237200,10.9732373046875,45,0.6307138800621033,2.8968658447265625,21.177000045776367,3.614543914794922,292.63134765625,813.5,-68.7827589,-32.9596405
1751064273635085800,12.7940859375,5.87556266784668,1.3086252212524414,1.4030569791793823,15.244000434875488,6.090859413146973,289.8759765625,813.2000122070312,-68.7828579,-32.9595961
1751064274635827200,13.7948271484375,8.394147872924805,1.2879829406738281,1.4130644798278809,9.802000045776367,6.262223720550537,291.94677734375,813.2000122070312,-68.7830154,-32.9595788
1751064276634888200,15.79388818359375,9.636696815490723,1.248679280281067,1.43305504322052,7.50600004196167,6.733992099761963,294.9709167480469,813.2000122070312,-68.7832443,-32.9595327
1751064277634888200,16.79388818359375,9.639928817749023,1.2539936304092407,1.4430550336837769,5.484000205993652,6.494303226470947,298.90301513671875,813.2000122070312,-68.7832805,-32.9595248
1751064278634888200,17.79388818359375,9.56717586517334,1.3879841566085815,1.4530550241470337,5.611999988555908,6.8490729331970215,304.87152099609375,813.2000122070312,-68.7833082,-32.9594691
1751064280634888200,19.79388818359375,8.686980247497559,1.315484642982483,1.4730550050735474,5.986000061035156,6.773021221160889,300.02532958984375,813.2000122070312,-68.7834307,-32.9594014
1751064281634888200,20.79388818359375,8.17908000946045,1.2539936304092407,1.4830551147460938,5.939000129699707,6.535094261169434,298.0308532714844,813.2000122070312,-68.7835025,-32.9593754
1751064283634463000,22.793462890625,7.436997890472412,1.2539936304092407,1.5030508041381836,5.948999881744385,6.672492980957031,295.0296936035156,813.2000122070312,-68.7836335,-32.9593282
1751064284634837500,23.79383740234375,7.0753350257873535,1.2317466735839844,1.513054609298706,5.835000038146973,6.827037811279297,295.9888916015625,813.2000122070312,-68.7836996,-32.9593
1751064285633919000,24.7929189453125,6.841437816619873,1.2434227466583252,1.5230454206466675,5.664999961853027,7.025607585906982,296.00494384765625,813.2000122070312,-68.7837667,-32.9592744
1751064286633831400,25.79283154296875,6.616546630859375,1.2179491519927979,1.533044457435608,5.497000217437744,6.843691825866699,295.0084228515625,813.2000122070312,-68.7838412,-32.9592503
1751064287634113300,26.79311328125,6.504210472106934,1.2264175415039062,1.543047308921814,5.376999855041504,6.575684547424316,294.9911804199219,813.2000122070312,-68.7839069,-32.9592231
1751064288634517800,27.793517822265624,6.374752044677734,1.212641716003418,1.5530513525009155,5.126999855041504,6.45232629776001,294.0101623535156,813.2000122070312,-68.7839742,-32.9591863
1751064289634517800,28.793517822265624,6.169086456298828,1.2095040082931519,1.5630513429641724,5.058000087738037,6.568776607513428,295.97662353515625,813.2000122070312,-68.7840446,-32.959157
1751064290634517800,29.793517822265624,6.0419840812683105,1.212641716003418,1.5730513334274292,4.876999855041504,6.53019905090332,295.01220703125,813.2000122070312,-68.7841051,-32.9591301
1751064291634517800,30.793517822265624,5.931700229644775,1.2287391424179077,1.583051323890686,4.859000205993652,6.490736961364746,294.0091857910156,813.2000122070312,-68.7841797,-32.9591107
1751064292634517800,31.793517822265624,5.995699882507324,1.2455520629882812,1.5930513143539429,4.798999786376953,5.912602424621582,295.94677734375,813.2000122070312,-68.784235,-32.9590859
1751064293634517800,32.79351782226563,5.8049821853637695,1.246795892715454,1.6030513048171997,4.765999794006348,6.439265251159668,296.0206604003906,813.2000122070312,-68.7842976,-32.9590567
1751064294634517800,33.79351782226563,5.784939289093018,1.2264175415039062,1.613051414489746,4.665999889373779,5.949601173400879,295.97869873046875,813.2000122070312,-68.7843557,-32.959032
1751064295634517800,34.79351782226563,5.60207462310791,1.2317466735839844,1.623051404953003,4.546999931335449,6.449423789978027,295.0304260253906,813.2000122070312,-68.7844201,-32.9590151
1751064296634517800,35.79351782226563,5.581888198852539,1.248679280281067,1.6330513954162598,4.375,6.028653621673584,294.9804992675781,813.2000122070312,-68.7844799,-32.9589912
1751064297634517800,36.79351782226563,5.477226257324219,1.3446189165115356,1.6430513858795166,4.216000080108643,6.460000038146973,295.02081298828125,813.2000122070312,-68.7845466,-32.9589691
1751064298634517800,37.79351782226563,5.540387153625488,1.3583077192306519,1.6530513763427734,4.09499979019165,5.893056392669678,293.97906494140625,813.2000122070312,-68.7846071,-32.9589501
1751064299634517800,38.79351782226563,5.522375583648682,1.3188252449035645,1.6630513668060303,4.011000156402588,5.508747577667236,294.9650573730469,813.2000122070312,-68.7846544,-32.9589299
1751064300634517800,39.79351782226563,5.4752607345581055,1.2932130098342896,1.673051357269287,4.005000114440918,5.493228912353516,294.9851379394531,813.2000122070312,-68.7847057,-32.9589113
1751064301634517800,40.79351782226563,5.4068756103515625,1.248679280281067,1.683051347732544,4.044000148773193,5.523637771606445,294.3620910644531,813.2000122070312,-68.7847628,-32.9588895
1751064302634517800,41.79351782226563,5.3719682693481445,1.3188252449035645,1.6930513381958008,4.126999855041504,5.817102432250977,295.0038757324219,813.2000122070312,-68.7848338,-32.9588625
1751064303634517800,42.79351782226563,5.354313373565674,1.3188252449035645,1.7030513286590576,4.205999851226807,5.990661144256592,296.4053955078125,813.2000122070312,-68.7848927,-32.958831
1751064304634517800,43.79351782226563,5.372823715209961,1.569777011871338,1.7130513191223145,4.2820000648498535,6.228219032287598,296.49688720703125,813.2000122070312,-68.7849584,-32.9588041
1751064305634517800,44.79351782226563,5.428025722503662,1.7739503383636475,1.7230513095855713,4.361999988555908,6.2680864334106445,296.8987731933594,813.2000122070312,-68.7850127,-32.9587747
1751064306634517800,45.79351782226563,4.751214027404785,1.1872657537460327,1.7330513000488281,4.298999786376953,7.287752628326416,295.98004150390625,813.2000122070312,-68.7851031,-32.9587447
1751064307634517800,46.79351782226563,4.57926082611084,1.1482595205307007,1.7430514097213745,4.224999904632568,7.47637939453125,294.73846435546875,813.2000122070312,-68.7851877,-32.9587242
1751064308634517800,47.79351782226563,4.459717750549316,1.1926860809326172,1.7530514001846313,4.131999969482422,7.497670650482178,294.2451477050781,813.2000122070312,-68.78527,-32.9586987
1751064309634517800,48.79351782226563,4.48930025100708,1.4848568439483643,1.7630513906478882,4.046000003814697,7.593252182006836,294.2187805175781,813.2000122070312,-68.7853481,-32.9586673
1751064310634517800,49.79351782226563,4.210988998413086,1.2677934169769287,1.773051381111145,3.944999933242798,8.182503700256348,295.0599365234375,813.2000122070312,-68.7854371,-32.9586304
1751064311634517800,50.79351782226563,4.2069292068481445,1.5428868532180786,1.7830513715744019,3.8570001125335693,8.461785316467285,294.7681579589844,813.2000122070312,-68.7855226,-32.9585965
1751064312634517800,51.79351782226563,3.9132416248321533,1.2571793794631958,1.7930513620376587,3.880000114440918,8.897942543029785,295.1665954589844,813.2000122070312,-68.7856149,-32.9585537
1751064313634517800,52.79351782226563,3.947659730911255,1.4717676639556885,1.8030513525009155,3.936000108718872,9.080812454223633,295.2159423828125,813.2000122070312,-68.7857079,-32.9585174
1751064314634517800,53.79351782226563,3.600818634033203,1.2095040082931519,1.8130513429641724,3.9600000381469727,9.72713565826416,295.35211181640625,813.2000122070312,-68.785811,-32.9584768
1751064315634517800,54.79351782226563,3.6233487129211426,1.4453372955322266,1.8230513334274292,4.001999855041504,9.998674392700195,295.3508605957031,813.2000122070312,-68.7859125,-32.9584375
1751064316634517800,55.79351782226563,3.648730516433716,1.4983323812484741,1.833051323890686,4.090000152587891,10.12955093383789,294.6687316894531,813.2000122070312,-68.7860141,-32.9584043
1751064317634517800,56.79351782226563,3.657254695892334,1.556309700012207,1.8430513143539429,4.205999851226807,10.146636009216309,294.2696838378906,813.2000122070312,-68.7861165,-32.9583741
1751064318634517800,57.79351782226563,3.367070436477661,1.2455520629882812,1.8530513048171997,4.265999794006348,10.150004386901855,293.43804931640625,813.2000122070312,-68.7862129,-32.9583484
1751064319634517800,58.79351782226563,3.3530266284942627,1.507215976715088,1.863051414489746,4.368000030517578,10.141006469726562,293.1689758300781,813.2000122070312,-68.7863164,-32.958311
1751064320634517800,59.79351782226563,3.2236480712890625,1.2709444761276245,1.873051404953003,4.525000095367432,10.134294509887695,293.0125427246094,813.2000122070312,-68.786422,-32.9582829
1751064321634517800,60.79351782226563,3.1611599922180176,1.2571793794631958,1.8830513954162598,4.74399995803833,10.077557563781738,292.9519348144531,813.2000122070312,-68.7865242,-32.9582493
1751064323634517800,62.79351782226563,3.0201005935668945,1.1988744735717773,1.9030513763427734,5.078999996185303,10.124011993408203,293.738037109375,813.2000122070312,-68.7867239,-32.9581621
1751064324634517800,63.79351782226563,3.0740432739257812,1.5294770002365112,1.9130513668060303,5.375999927520752,10.164860725402832,293.93902587890625,813.2000122070312,-68.7868231,-32.9581206
1751064325634517800,64.79351782226563,2.9817769527435303,1.3223085403442383,1.923051357269287,5.565999984741211,9.971571922302246,293.1921691894531,813.2000122070312,-68.7869164,-32.9580955
1751064326634517800,65.79351782226563,2.9264168739318848,1.2539936304092407,1.933051347732544,5.659999847412109,10.101774215698242,293.12506103515625,813.2000122070312,-68.7870217,-32.9580637
1751064327634517800,66.79351782226563,2.9198222160339355,1.2847179174423218,1.9430513381958008,5.650000095367432,9.912883758544922,292.8668518066406,813.2000122070312,-68.7871264,-32.9580304
1751064328634517800,67.79351782226563,2.8973183631896973,1.2709444761276245,1.9530513286590576,5.577000141143799,9.855549812316895,292.9081115722656,813.2000122070312,-68.7872234,-32.9579964
1751064329634517800,68.79351782226563,2.8587841987609863,1.3188252449035645,1.9630513191223145,5.484000205993652,9.90353775024414,293.0351867675781,813.2000122070312,-68.7873163,-32.9579571
1751064330634517800,69.79351782226563,2.8934860229492188,1.5518375635147095,1.9730513095855713,5.296000003814697,10.085801124572754,293.7599792480469,813.2000122070312,-68.7874241,-32.9579066
1751064331634517800,70.79351782226563,2.802126884460449,1.2179491519927979,1.9830513000488281,5.086999893188477,9.71484088897705,293.7469482421875,813.2000122070312,-68.7875095,-32.9578565
1751064332634517800,71.79351782226563,2.7757046222686768,1.2179491519927979,1.9930514097213745,4.936999797821045,9.6072998046875,293.8623046875,813.2000122070312,-68.7875986,-32.9578165
1751064333634517800,72.79351782226563,2.784503936767578,1.2932130098342896,2.003051280975342,5.796999931335449,9.61851692199707,294.5738830566406,813.2000122070312,-68.7876941,-32.9577795
1751064334634517800,73.79351782226563,2.8495190143585205,1.330939531326294,2.0130512714385986,6.709000110626221,9.05331802368164,294.9712829589844,813.2000122070312,-68.7877827,-32.9577436
1751064335634517800,74.79351782226563,2.94000506401062,1.60112464427948,2.0230512619018555,7.7220001220703125,8.855875968933105,294.9884033203125,813.2000122070312,-68.7878613,-32.9577142
1751064336634517800,75.79351782226563,3.0195860862731934,1.7281203269958496,2.0330512523651123,8.770000457763672,8.336647033691406,293.9790954589844,813.2000122070312,-68.7879345,-32.9576878
1751064337634517800,76.79351782226563,3.058319330215454,1.569777011871338,2.043051242828369,9.911999702453613,8.359272003173828,294.0007019042969,813.2000122070312,-68.788016,-32.9576665
1751064338634517800,77.79351782226563,2.980623960494995,1.2709444761276245,2.053051471710205,11.024999618530273,8.56571102142334,294.00823974609375,813.2000122070312,-68.7880987,-32.9576307
1751064339634517800,78.79351782226563,2.9413464069366455,1.2317466735839844,2.063051462173462,11.104999542236328,8.3735933303833,293.99310302734375,813.2000122070312,-68.7881756,-32.9576071
1751064340634517800,79.79351782226563,2.9305100440979004,1.2095040082931519,2.0730514526367188,11.121999740600586,7.996318340301514,292.99444580078125,813.2000122070312,-68.7882501,-32.9575925
1751064341634517800,80.79351782226563,2.9107089042663574,1.2455520629882812,2.0830514430999756,11.067000389099121,8.519309997558594,293.0196838378906,813.2000122070312,-68.7883361,-32.9575725
1751064342634517800,81.79351782226563,2.928278684616089,1.3274034261703491,2.0930514335632324,10.965999603271484,8.256244659423828,292.9875183105469,813.2000122070312,-68.7884227,-32.9575445
1751064343634517800,82.79351782226563,2.969611167907715,1.3102670907974243,2.1030514240264893,10.84000015258789,7.849300384521484,292.98004150390625,813.2000122070312,-68.7885049,-32.9575193
1751064344634517800,83.79351782226563,3.002643585205078,1.2847179174423218,2.113051414489746,10.741999626159668,7.370376110076904,292.9762268066406,813.2000122070312,-68.7885796,-32.9574947
1751064345634517800,84.79351782226563,3.0304062366485596,1.3069812059402466,2.123051404953003,10.696999549865723,7.898185729980469,293.0243835449219,813.2000122070312,-68.7886567,-32.9574665
1751064346634517800,85.79351782226563,3.0370402336120605,1.2932130098342896,2.1330513954162598,10.675000190734863,7.5575103759765625,292.9837341308594,813.2000122070312,-68.7887338,-32.9574377
1751064347634517800,86.79351782226563,3.0652267932891846,1.2794530391693115,2.1430513858795166,10.663999557495117,7.207338809967041,292.9828796386719,813.2000122070312,-68.7888012,-32.9574174
1751064348634517800,87.79351782226563,3.1229305267333984,1.3569451570510864,2.1530513763427734,10.657999992370605,7.160018444061279,292.0075988769531,813.2000122070312,-68.7888667,-32.9573963
1751064349634517800,88.79351782226563,3.1609888076782227,1.3274034261703491,2.1630513668060303,10.649999618530273,6.612390518188477,291.968994140625,813.2000122070312,-68.7889253,-32.9573756
1751064350634517800,89.79351782226563,3.1898763179779053,1.2932130098342896,2.173051357269287,10.633999824523926,6.473572731018066,292.9833984375,813.2000122070312,-68.7889847,-32.9573476
1751064351634517800,90.79351782226563,3.2233219146728516,1.2509596347808838,2.183051347732544,10.583000183105469,5.989980697631836,292.97113037109375,813.2000122070312,-68.7890486,-32.9573259
1751064352634517800,91.79351782226563,3.2679712772369385,1.2847179174423218,2.193051338195801,10.532999992370605,5.970075607299805,292.0057373046875,813.2000122070312,-68.7891168,-32.9573069
1751064353634517800,92.79351782226563,3.3433213233947754,1.3188252449035645,2.2030513286590576,10.486000061035156,5.852843284606934,291.99163818359375,813.2000122070312,-68.789179,-32.9572877
1751064354634517800,93.79351782226563,3.3746449947357178,1.2455520629882812,2.2130513191223145,10.416999816894531,5.350820541381836,292.9579162597656,813.2000122070312,-68.7892364,-32.9572614
1751064355634517800,94.79351782226563,3.4357473850250244,1.2624579668045044,2.2230513095855713,10.359999656677246,4.683709621429443,292.9480895996094,813.2000122070312,-68.789282,-32.9572339
1751064356634517800,95.79351782226563,3.5073177814483643,1.3188252449035645,2.233051300048828,10.340999603271484,4.621246337890625,292.99517822265625,813.2000122070312,-68.7893227,-32.9572149
1751064358634517800,97.79351782226563,3.6715362071990967,1.2879829406738281,2.253051280975342,10.385000228881836,3.635160446166992,292.8746643066406,813.2000122070312,-68.7893942,-32.9571846
1751064359634517800,98.79351782226563,3.7581331729888916,1.2624579668045044,2.239893913269043,10.399999618530273,3.169574499130249,292.94384765625,816.7999877929688,-68.7894271,-32.9571702
1751064360634517800,99.79351782226563,3.8523786067962646,1.2879829406738281,2.2498939037323,10.416999816894531,2.7587034702301025,292.9413146972656,816.7999877929688,-68.7894542,-32.9571593
1751064361634517800,100.79351782226563,3.94585919380188,1.2709444761276245,2.2598938941955566,10.428000450134277,2.6520376205444336,292.9858093261719,816.7999877929688,-68.7894755,-32.9571503
1751064362634517800,101.79351782226563,4.066012382507324,1.2571793794631958,2.2698938846588135,10.423999786376953,2.0446791648864746,291.2637939453125,816.7999877929688,-68.7894901,-32.9571443
1751064363634517800,102.79351782226563,4.1895623207092285,1.2233151197433472,2.2798938751220703,10.394000053405762,1.3720386028289795,287.9747009277344,816.7999877929688,-68.7894971,-32.9571421
1751064364634517800,103.79351782226563,4.315629005432129,1.2965338230133057,5.048982620239258,10.369000434875488,1.0524158477783203,287.93377685546875,817.809814453125,-68.7894998,-32.9571406
1751064365634517800,104.79351782226563,4.444911479949951,1.614837408065796,5.404402732849121,10.395999908447266,0.6996562480926514,282.370849609375,816.1514892578125,-68.7894958,-32.9571429
1751064366634517800,105.79351782226563,45,0.3753664791584015,5.44248104095459,10.416999816894531,0.6593092679977417,282.6866760253906,815.8544921875,-68.7894861,-32.9571484
1751064367634517800,106.79351782226563,45,0.3324154019355774,5.133159637451172,10.416999816894531,0.5960978269577026,282.59552001953125,815.857421875,-68.7894781,-32.9571528
1751064368634517800,107.79351782226563,45,0.4280186891555786,4.959465026855469,10.404000282287598,0.5177416205406189,282.25811767578125,815.49658203125,-68.7894717,-32.9571556
1751064369634517800,108.79351782226563,45,0.41231057047843933,3.1717512607574463,10.414999961853027,0.44323521852493286,281.3190002441406,817,-68.7894679,-32.9571577
1751064370634517800,109.79351782226563,45,0.29206162691116333,3.181751251220703,10.409000396728516,0.3881487548351288,279.750732421875,817,-68.7894669,-32.9571592
1751064371634517800,110.79351782226563,45,0.2765863239765167,3.19175124168396,10.368000030517578,0.34163936972618103,279.81201171875,817,-68.7894666,-32.9571593
1751064372634517800,111.79351782226563,45,0.3753664791584015,3.201751232147217,10.321999549865723,0.286722332239151,280.8501281738281,817,-68.7894652,-32.9571591
1751064373634517800,112.79351782226563,45,0.5333853960037231,3.2117512226104736,10.28600025177002,0.2526095509529114,284.90911865234375,817,-68.789465,-32.9571578
1751064374634517800,113.79351782226563,45,0.8672946691513062,2.697125196456909,10.282999992370605,0.2044951617717743,290.5824890136719,816.7999877929688,-68.7894633,-32.9571567
1751064375634517800,114.79351782226563,45,0.40311288833618164,2.707125186920166,10.256999969482422,0.18201543390750885,297.6518859863281,816.7999877929688,-68.789463,-32.9571552
1751064376634517800,115.79351782226563,45,0.4140048325061798,2.717125177383423,10.230999946594238,0.2009308785200119,309.53887939453125,816.7999877929688,-68.7894642,-32.9571515
1751064377634517800,116.79351782226563,45,0.33941125869750977,2.7271251678466797,10.182999610900879,0.21244117617607117,317.1517028808594,816.7999877929688,-68.789465,-32.9571485
1751064378634517800,117.79351782226563,45,0.3753664791584015,2.7371251583099365,10.152000427246094,0.20584401488304138,320.81365966796875,816.7999877929688,-68.7894655,-32.9571469
1751064379634517800,118.79351782226563,45,0.452216774225235,5.525732040405273,10.151000022888184,0.18943633139133453,323.9704284667969,817,-68.7894654,-32.9571459
1751064380634517800,119.79351782226563,45,0.4992994964122772,5.535731792449951,10.147000312805176,0.17049209773540497,326.9103088378906,817,-68.7894652,-32.9571452
1751064381634517800,120.79351782226563,45,0.5077400803565979,5.545732021331787,10.182000160217285,0.15055963397026062,329.55511474609375,817,-68.789465,-32.9571447
1751064382634517800,121.79351782226563,45,0.6161168813705444,5.555731773376465,10.232000350952148,0.12927395105361938,330.9479064941406,817,-68.7894647,-32.9571446
1751064383634517800,122.79351782226563,45,0.6657326817512512,5.565732002258301,10.309000015258789,0.10752400755882263,328.4957275390625,817,-68.7894649,-32.957145
1751064384634517800,123.79351782226563,0,0.5940538644790649,5.874606609344482,10.362000465393066,0.08512276411056519,0,817,-68.7894651,-32.9571456
1751064385634517800,124.79351782226563,0,0.47434166073799133,5.88460636138916,10.406000137329102,0.06882697343826294,0,817,-68.7894651,-32.957146
1751064386634517800,125.79351782226563,0,0.4580393135547638,5.894606590270996,10.440999984741211,0.05554536357522011,0,817,-68.7894652,-32.9571463
1751064387634517800,126.79351782226563,0,0.3413209617137909,5.904606342315674,10.480999946594238,0.044909242540597916,0,817,-68.7894651,-32.9571466
1751064388634517800,127.79351782226563,0,0.3671512007713318,5.91460657119751,10.562000274658203,0.03737073764204979,0,817,-68.7894652,-32.9571467
1751064389634517800,128.7935178222656,0,0.3935733735561371,4.235559940338135,10.67300033569336,0.02911175787448883,0,817,-68.7894651,-32.9571469
1751064390634517800,129.7935178222656,0,0.5643580555915833,4.2455596923828125,10.833000183105469,0.022545933723449707,0,817,-68.7894649,-32.957147
1751064391634517800,130.7935178222656,0,0.7256032228469849,4.255559921264648,10.986000061035156,0.01729869656264782,0,817,-68.7894648,-32.9571471
1751064392634517800,131.7935178222656,0,0.4341658651828766,4.265559673309326,11.118000030517578,0.013967559672892094,0,817,-68.7894647,-32.9571473
1751064393634517800,132.7935178222656,0,0.4640043079853058,4.275559902191162,11.258999824523926,0.018384160473942757,0,817,-68.7894647,-32.9571478
1751064394634517800,133.7935178222656,0,0.6080296039581299,4.6357421875,11.359999656677246,0.024637749418616295,0,817,-68.7894645,-32.9571481
1751064395634517800,134.7935178222656,0,0.5077400803565979,4.645741939544678,11.461000442504883,0.017454588785767555,0,817,-68.7894644,-32.9571481
1751064396634517800,135.7935178222656,0,0.5215361714363098,4.655742168426514,11.54800033569336,0.013114160858094692,0,817,-68.7894644,-32.9571482
1751064397634517800,136.7935178222656,0,0.5333853960037231,4.665741920471191,11.670000076293945,0.008047002367675304,0,817,-68.7894644,-32.957148
1751064398634517800,137.7935178222656,0,0.3162277638912201,4.675742149353027,11.815999984741211,0.017707498744130135,0,817,-68.7894645,-32.9571477
1751064399634517800,138.7935178222656,0,0.48010414838790894,4.430018901824951,11.90999984741211,0.005807730369269848,0,817,-68.7894643,-32.9571478
1751064401634517800,140.7935178222656,0,0.4341658651828766,4.450018882751465,11.934000015258789,0.023169901221990585,0,817,-68.7894639,-32.9571476
1751064402634517800,141.7935178222656,0,0.49091750383377075,4.460019111633301,11.880000114440918,0.014605706557631493,0,817,-68.7894638,-32.9571477
1751064403634517800,142.7935178222656,0,0.5470831990242004,4.4700188636779785,11.795000076293945,0.007381422445178032,0,817,-68.7894638,-32.9571477
1751064404634517800,143.7935178222656,0,0.5299999713897705,7.147012233734131,11.694000244140625,0.009017894975841045,0,817,-68.7894637,-32.9571478
1751064405634517800,144.7935178222656,0,0.4992994964122772,7.157011985778809,11.607999801635742,0.011857488192617893,0,817,-68.7894636,-32.9571479
1751064406634517800,145.7935178222656,0,0.4661544859409332,7.1670122146606445,11.53499984741211,0.005759049206972122,0,817,-68.7894637,-32.9571479
1751064407634517800,146.7935178222656,0,0.44999998807907104,7.177011966705322,11.472000122070312,0.002815455663949251,0,817,-68.7894637,-32.9571479
1751064408634517800,147.7935178222656,0,0.2690724730491638,7.187012195587158,11.36400032043457,0.0012514963746070862,0,817,-68.7894637,-32.9571479
1751064409634517800,148.7935178222656,0,0.38288378715515137,3.97714900970459,11.22700023651123,0.03226238489151001,0,817,-68.789463,-32.9571479
1751064410634517800,149.7935178222656,0,0.2690724730491638,3.9871490001678467,11.076000213623047,0.03198062628507614,0,817,-68.7894627,-32.9571479
1751064411634517800,150.7935178222656,0,0.32449960708618164,3.9971489906311035,10.911999702453613,0.0072873556055128574,0,817,-68.7894629,-32.957148
1751064412634517800,151.7935178222656,0,0.5661271810531616,4.0071492195129395,10.765000343322754,0.0066382987424731255,0,817,-68.7894631,-32.957148
1751064413634517800,152.7935178222656,0,0.6824954152107239,4.017148971557617,10.677000045776367,0.022920748218894005,0,817,-68.7894634,-32.9571478
1751064414634517800,153.7935178222656,11.664484024047852,1.0928860902786255,4.3753461837768555,10.619999885559082,3.496654510498047,291.0635986328125,817,-68.7894893,-32.9571392
1751064415634517800,154.7935178222656,10.60445499420166,1.1799153089523315,4.385346412658691,10.590999603271484,4.156245708465576,291.031005859375,817,-68.7895313,-32.9571231
1751064416634517800,155.7935178222656,9.080817222595215,1.2879829406738281,4.395346164703369,10.600000381469727,5.137306213378906,292.0319519042969,817,-68.7896047,-32.9570849
1751064417634517800,156.7935178222656,7.442395210266113,1.3017295598983765,4.405346393585205,10.62399959564209,6.9557414054870605,293.04046630859375,817,-68.7896926,-32.957035
1751064419634517800,158.7935178222656,5.586441516876221,1.2371337413787842,5.0794758796691895,10.5649995803833,8.270393371582031,293.9988098144531,817,-68.7898573,-32.9569482
1751064420634517800,159.7935178222656,4.98720645904541,1.2762445211410522,5.089476108551025,10.527999877929688,9.149556159973145,294.0230407714844,817,-68.7899438,-32.9569102
1751064421634517800,160.7935178222656,4.508111953735352,1.2455520629882812,5.099475860595703,10.538999557495117,9.501521110534668,293.0216064453125,817,-68.7900386,-32.9568858
1751064422634517800,161.7935178222656,4.1245269775390625,1.2233151197433472,5.109476089477539,10.53499984741211,9.823241233825684,293.0078430175781,817,-68.7901374,-32.956851
1751064423634517800,162.7935178222656,3.8025131225585938,1.2425779104232788,5.119476318359375,10.543000221252441,10.662766456604004,294.00689697265625,817,-68.790245,-32.956809
1751064424634517800,163.7935178222656,3.569462299346924,1.2287391424179077,5.129476070404053,10.590999603271484,10.621197700500488,293.9985046386719,817,-68.790359,-32.9567662
1751064425634517800,164.7935178222656,3.3331542015075684,1.2233151197433472,5.139476299285889,10.64900016784668,10.88803482055664,293.3813171386719,817,-68.7904729,-32.9567274
1751064426634517800,165.7935178222656,3.1700332164764404,1.2455520629882812,5.149476051330566,10.718000411987305,10.968101501464844,293.18621826171875,817,-68.7905831,-32.9566832
1751064427634517800,166.7935178222656,3.1334383487701416,1.507215976715088,5.159476280212402,10.756999969482422,11.022058486938477,293.68402099609375,817,-68.7906936,-32.9566396
1751064428634517800,167.7935178222656,3.1003904342651367,1.5787653923034668,5.16947603225708,10.838000297546387,10.962133407592773,293.8265686035156,817,-68.7907957,-32.9566002
1751064429634517800,168.7935178222656,2.861891269683838,1.22036874294281,5.179476261138916,10.826000213623047,11.377782821655273,294.1273498535156,817,-68.7909088,-32.9565538
1751064430634517800,169.7935178222656,2.768188238143921,1.2455520629882812,5.189476013183594,10.805999755859375,11.708019256591797,293.58477783203125,817,-68.7910284,-32.9565091
1751064431634517800,170.7935178222656,2.709932565689087,1.248679280281067,5.19947624206543,10.77400016784668,11.675660133361816,293.81744384765625,817,-68.7911464,-32.9564661
1751064432634517800,171.7935178222656,2.668447494506836,1.265701413154602,5.209475994110107,10.725000381469727,11.555927276611328,293.22515869140625,817,-68.7912624,-32.9564231
1751064433634517800,172.7935178222656,2.5876822471618652,1.2233151197433472,5.219476222991943,10.637999534606934,11.562859535217285,293.0836181640625,817,-68.7913787,-32.956379
1751064434634517800,173.7935178222656,2.548424243927002,1.2539936304092407,5.229475975036621,10.491000175476074,11.283635139465332,292.8289489746094,817,-68.7914933,-32.9563401
1751064435634517800,174.7935178222656,2.503964900970459,1.2455520629882812,5.239476203918457,10.416999816894531,11.39254379272461,292.9983215332031,817,-68.7916106,-32.9562993
1751064436634517800,175.7935178222656,2.482790946960449,1.2509596347808838,5.249475955963135,10.357000350952148,11.432170867919922,293.0321350097656,817,-68.7917224,-32.9562561
1751064437634517800,176.7935178222656,2.482787847518921,1.2677934169769287,5.259476184844971,10.321999549865723,11.286665916442871,292.9119567871094,817,-68.7918338,-32.9562151
1751064438634517800,177.7935178222656,2.4462904930114746,1.2425779104232788,5.269475936889648,10.302000045776367,11.461064338684082,293.0719909667969,817,-68.7919509,-32.956173
1751064439634517800,178.7935178222656,2.4460387229919434,1.2287391424179077,5.279476165771484,10.293999671936035,11.121675491333008,293.4408874511719,817,-68.7920609,-32.9561305
1751064440634517800,179.7935178222656,2.4482452869415283,1.22036874294281,5.289475917816162,10.310999870300293,10.839788436889648,293.6110534667969,817,-68.7921671,-32.9560874
1751064441634517800,180.7935178222656,2.4435105323791504,1.2287391424179077,5.299476146697998,10.352999687194824,10.804234504699707,293.83477783203125,817,-68.7922748,-32.9560466
1751064442634517800,181.7935178222656,2.4470736980438232,1.212023138999939,5.309475898742676,10.381999969482422,10.672365188598633,293.845458984375,817,-68.7923822,-32.9560058
1751064443634517800,182.7935178222656,2.442065954208374,1.22036874294281,5.319476127624512,10.375,10.712995529174805,293.9698181152344,817,-68.79249,-32.9559643
1751064444634517800,183.7935178222656,2.452242851257324,1.248078465461731,5.3294758796691895,10.36400032043457,10.651496887207031,293.93902587890625,817,-68.7925969,-32.9559235
1751064445634517800,184.7935178222656,2.470874786376953,1.2731850147247314,5.339476108551025,10.355999946594238,10.463202476501465,293.8217468261719,817,-68.7927026,-32.9558842
1751064446634517800,185.7935178222656,2.4726498126983643,1.2593649625778198,5.349475860595703,10.340999603271484,10.519091606140137,293.9741516113281,817,-68.7928085,-32.9558426
1751064447634517800,186.7935178222656,2.4930567741394043,1.2593649625778198,5.359476089477539,10.319000244140625,10.306998252868652,293.1783142089844,817,-68.7929093,-32.9558041
1751064448634517800,187.7935178222656,2.5053305625915527,1.2847179174423218,5.369476318359375,10.319000244140625,10.199782371520996,293.6161193847656,817,-68.7930086,-32.9557674
1751064449634517800,188.7935178222656,2.531827211380005,1.2677934169769287,5.379476070404053,10.336999893188477,9.801115989685059,293.5419921875,817,-68.7930995,-32.9557315
1751064450634517800,189.7935178222656,2.5448830127716064,1.2455520629882812,5.389476299285889,10.37600040435791,9.718910217285156,293.7778625488281,817,-68.7931925,-32.955698
1751064451634517800,190.7935178222656,2.6228599548339844,1.5518375635147095,5.399476051330566,10.484000205993652,9.500210762023926,293.0799865722656,817,-68.7932769,-32.9556701
1751064452634517800,191.7935178222656,2.657442092895508,1.3411189317703247,5.409476280212402,10.597999572753906,9.274324417114258,292.8309631347656,817,-68.7933617,-32.9556466
1751064453634517800,192.7935178222656,2.7425155639648438,1.4152384996414185,5.41947603225708,10.732000350952148,9.143330574035645,292.78857421875,817,-68.7934515,-32.9556219
1751064454634517800,193.7935178222656,2.7777936458587646,1.372005820274353,5.429476261138916,10.862000465393066,9.078130722045898,292.8569030761719,817,-68.7935402,-32.9555935
1751064455634517800,194.7935178222656,2.7540252208709717,1.2984991073608398,5.439476013183594,10.96500015258789,9.23625659942627,292.4010925292969,817,-68.7936392,-32.9555631
1751064456634517800,195.7935178222656,2.7943475246429443,1.315484642982483,5.44947624206543,11.067999839782715,9.084981918334961,291.9898376464844,817,-68.7937326,-32.9555289
1751064457634517800,196.7935178222656,2.827152967453003,1.3188252449035645,5.459475994110107,11.13700008392334,8.695828437805176,292.2613220214844,817,-68.7938155,-32.9554888
1751064458634517800,197.7935178222656,2.8238134384155273,1.3102670907974243,5.469476222991943,11.184000015258789,8.496371269226074,292.5388488769531,817,-68.7938987,-32.955456
1751064459634517800,198.7935178222656,2.8117527961730957,1.2402015924453735,5.479475975036621,11.16100025177002,8.559057235717773,292.99822998046875,817,-68.7939817,-32.9554321
1751064460634517800,199.7935178222656,2.8358397483825684,1.2233151197433472,5.489476203918457,11.107999801635742,7.981393337249756,292.9766540527344,817,-68.7940616,-32.955401
1751064461634517800,200.7935178222656,2.8585124015808105,1.265701413154602,5.499475955963135,11.083999633789062,7.999505519866943,293.0010070800781,817,-68.7941363,-32.955371
1751064462634517800,201.7935178222656,2.9025440216064453,1.3395894765853882,5.509476184844971,11.059000015258789,7.706768035888672,292.9853820800781,817,-68.7942103,-32.9553411
1751064463634517800,202.7935178222656,2.953650951385498,1.3755725622177124,5.519475936889648,11.026000022888184,7.592495918273926,292.99456787109375,817,-68.7942781,-32.9553159
1751064464634517800,203.7935178222656,2.9910120964050293,1.2847179174423218,5.529476165771484,11.015000343322754,7.335597991943359,292.9871520996094,817,-68.7943529,-32.9552885
1751064465634517800,204.7935178222656,3.0673632621765137,1.3583077192306519,5.539475917816162,11.074999809265137,7.125358581542969,292.9869079589844,817,-68.7944309,-32.9552602
1751064466634517800,205.7935178222656,3.0826363563537598,1.3411189317703247,5.549476146697998,11.142999649047852,7.09070348739624,292.9985046386719,817,-68.794498,-32.9552299
1751064467634517800,206.7935178222656,3.105407238006592,1.2593649625778198,5.559475898742676,11.17300033569336,6.776677131652832,292.9832458496094,817,-68.7945707,-32.9552038
1751064468634517800,207.7935178222656,3.151799440383911,1.2509596347808838,5.569476127624512,11.180000305175781,6.182079315185547,292.9664611816406,817,-68.7946311,-32.9551807
1751064469634517800,208.7935178222656,3.1745996475219727,1.2593649625778198,5.5794758796691895,11.154999732971191,6.7874274253845215,293.0308837890625,817,-68.7946964,-32.9551547
1751064470634517800,209.7935178222656,3.214216470718384,1.2677934169769287,5.589476108551025,11.102999687194824,6.447170734405518,292.9814453125,817,-68.7947621,-32.9551275
1751064471634517800,210.7935178222656,3.2698311805725098,1.2984991073608398,5.599475860595703,11.024999618530273,6.372177600860596,293.9864501953125,817,-68.7948201,-32.9551006
1751064472634517800,211.7935178222656,3.332660436630249,1.2647924423217773,5.609476089477539,10.96500015258789,5.419041633605957,293.93817138671875,817,-68.7948662,-32.9550769
1751064473634517800,212.7935178222656,3.4142262935638428,1.2762445211410522,5.619476318359375,10.947999954223633,4.674845218658447,292.9500427246094,817,-68.7949079,-32.9550719
1751064474634517800,213.7935178222656,3.4887945652008057,1.3017295598983765,5.629476070404053,10.949999809265137,4.640713214874268,292.9967956542969,817,-68.7949523,-32.955062
1751064476634517800,215.7935178222656,3.6332666873931885,1.5161134004592896,5.649476051330566,11.055999755859375,4.225239276885986,293.96868896484375,817,-68.7950293,-32.9550238
1751064477634517800,216.7935178222656,3.6843974590301514,1.5161134004592896,2.7790474891662598,11.17199993133545,4.716067314147949,294.053466796875,823.2000122070312,-68.7950753,-32.9550055
1751064478634517800,217.7935178222656,3.7712254524230957,1.614837408065796,2.7890474796295166,11.357000350952148,4.313002586364746,293.9451599121094,823.2000122070312,-68.795119,-32.9549866
1751064479634517800,218.7935178222656,3.864849328994751,1.5428868532180786,2.7990474700927734,11.5600004196167,3.707540512084961,293.91217041015625,823.2000122070312,-68.7951537,-32.9549718
1751064480634517800,219.7935178222656,3.97163724899292,1.718982219696045,2.8090474605560303,11.821000099182129,3.5937609672546387,293.9802551269531,823.2000122070312,-68.7951836,-32.9549591
1751064481632723700,220.7917236328125,4.096737861633301,1.6783920526504517,2.8190295696258545,12.07800006866455,2.5454111099243164,293.7380676269531,823.2000122070312,-68.7952051,-32.9549509
1751064482633346000,221.79234594726563,4.213597297668457,1.7976930141448975,4.0127854347229,12.312999725341797,2.3659377098083496,293.9521179199219,823.2000122070312,-68.7952161,-32.9549456
1751064483633286700,222.79228662109375,4.334872245788574,1.6510905027389526,4.02278470993042,12.527999877929688,1.3425315618515015,293.54150390625,823.2000122070312,-68.7952195,-32.9549424
1751064484634040000,223.7930400390625,4.4517059326171875,1.3274034261703491,4.032792568206787,12.550000190734863,0.380129873752594,292.9803466796875,823.2000122070312,-68.7952138,-32.9549421
1751064485634159000,224.7931591796875,4.5754876136779785,1.669281244277954,4.0427937507629395,12.534000396728516,0.46641355752944946,294.14910888671875,823.2000122070312,-68.7952059,-32.9549421
1751064486633353700,225.79235375976563,4.7099785804748535,1.619660496711731,4.052785396575928,12.461000442504883,0.19801729917526245,293.24151611328125,823.2000122070312,-68.7952019,-32.9549413
1751064487633353700,226.79235375976563,4.848458290100098,1.9557607173919678,4.062785625457764,12.482000350952148,0.27597782015800476,294.28240966796875,823.2000122070312,-68.7952004,-32.9549405
1751064489633353700,228.79235375976563,5.127737522125244,2.7267746925354004,3.116774320602417,13.095999717712402,0.2152688056230545,294.41668701171875,823.2000122070312,-68.7952018,-32.9549394
1751064490633353700,229.79235375976563,5.270914554595947,1.9464069604873657,3.126774311065674,13.579000473022461,0.5263662934303284,294.4940490722656,823.2000122070312,-68.7952047,-32.9549381
1751064491633353700,230.79235375976563,5.417013645172119,2.014373302459717,3.1367743015289307,14.190999984741211,0.29142850637435913,293.2615966796875,823.2000122070312,-68.7952089,-32.9549375
1751064492633353700,231.79235375976563,5.564547061920166,1.8411409854888916,3.1467745304107666,14.819999694824219,0.43436864018440247,294.23931884765625,823.2000122070312,-68.7952135,-32.9549378
1751064493633353700,232.79235375976563,5.713263034820557,1.8189282417297363,3.1567745208740234,15.270999908447266,0.33339840173721313,293.8133239746094,823.2000122070312,-68.7952114,-32.9549418
1751064494633353700,233.79235375976563,5.860588550567627,1.9890953302383423,1.9386430978775024,15.475000381469727,0.45290085673332214,294.3111267089844,823.2000122070312,-68.7952039,-32.954947
1751064495633353700,234.79235375976563,6.012836456298828,1.913243293762207,1.9486430883407593,15.454000473022461,0.26711833477020264,293.5091247558594,823.2000122070312,-68.7952001,-32.9549519
1751064496633353700,235.79235375976563,6.164926052093506,1.6415846347808838,1.9586430788040161,15.430000305175781,0.657140851020813,294.3731384277344,823.2000122070312,-68.7952024,-32.9549552
1751064497633353700,236.79235375976563,6.322582244873047,1.7532826662063599,1.968643069267273,15.369000434875488,0.5151503086090088,293.8110046386719,823.2000122070312,-68.7952066,-32.9549591
1751064498633353700,237.79235375976563,6.480939865112305,1.8377431631088257,1.9786430597305298,15.288000106811523,0.28872841596603394,293.41748046875,823.2000122070312,-68.7952046,-32.9549674
1751064499633353700,238.79235375976563,6.6364922523498535,1.5915400981903076,2.3017325401306152,15.121000289916992,0.34776708483695984,294.1214599609375,823.2000122070312,-68.7952023,-32.9549736
1751064500633353700,239.79235375976563,6.798253536224365,1.7345893383026123,2.311732530593872,15.119000434875488,0.41719698905944824,294.1310729980469,823.2000122070312,-68.7952031,-32.9549765
1751064501633353700,240.79235375976563,6.959747314453125,1.7345893383026123,2.321732521057129,15.201000213623047,0.40043753385543823,293.9805603027344,823.2000122070312,-68.7952052,-32.9549781
1751064502633353700,241.79235375976563,7.125118732452393,1.8471599817276,2.3317325115203857,15.430999755859375,0.3613817095756531,293.9288635253906,823.2000122070312,-68.7952065,-32.9549783
1751064503633353700,242.79235375976563,7.292284965515137,2.229461908340454,2.3417325019836426,15.79800033569336,0.35975784063339233,294.01611328125,823.2000122070312,-68.7952079,-32.9549779
1751064504633353700,243.79235375976563,7.4597697257995605,2.3076610565185547,5.204451560974121,16.042999267578125,0.2273809015750885,293.4036560058594,823.2000122070312,-68.7952065,-32.9549791
1751064505633353700,244.79235375976563,7.629357814788818,2.4329817295074463,5.214451789855957,16.729000091552734,0.1719146966934204,293.8207092285156,823.2000122070312,-68.7952009,-32.9549829
1751064506633353700,245.79235375976563,7.799931049346924,2.8040149211883545,5.224451541900635,17.65399932861328,0.487640917301178,295.27001953125,823.2000122070312,-68.7951943,-32.9549902
1751064507633353700,246.79235375976563,7.972893714904785,3.0268795490264893,5.234451770782471,18.80299949645996,0.6928715109825134,294.7762451171875,823.2000122070312,-68.7951893,-32.9549981
1751064508633353700,247.79235375976563,8.147315979003906,2.7822651863098145,5.244451522827148,19.881000518798828,0.9721028804779053,294.5449523925781,823.2000122070312,-68.7951902,-32.9550081
1751064510633353700,249.79235375976563,8.475484848022461,1.7848809957504272,2.9228768348693848,19.63800048828125,1.4143768548965454,293.0829162597656,823.2000122070312,-68.7952121,-32.9550189
1751064511633353700,250.79235375976563,8.570219993591309,1.7252535820007324,2.9328768253326416,19.124000549316406,2.279031753540039,294.2378234863281,823.2000122070312,-68.7952361,-32.9550117
1751064512633353700,251.79235375976563,8.644821166992188,1.608508586883545,2.9428768157958984,18.07900047302246,3.1041336059570312,294.1412658691406,823.2000122070312,-68.7952773,-32.9549923
1751064513633353700,252.79235375976563,8.66873836517334,1.6546298265457153,2.9528768062591553,16.684999465942383,4.337705135345459,294.1459655761719,823.2000122070312,-68.7953367,-32.9549645
1751064514633353700,253.79235375976563,8.767964363098145,1.905387043952942,5.073924541473389,15.13599967956543,4.953179836273193,294.0814208984375,823.2000122070312,-68.7954028,-32.9549367
1751064515633353700,254.79235375976563,8.796902656555176,1.8439631462097168,5.083924293518066,14.625,6.095074653625488,295.0671081542969,823.2000122070312,-68.7954931,-32.954899
1751064517633353700,256.7923537597656,8.672365188598633,1.7739503383636475,5.10392427444458,13.880999565124512,9.163545608520508,296.0342712402344,823.2000122070312,-68.795704,-32.9547975
1751064518633353700,257.7923537597656,8.552659034729004,1.8200000524520874,5.113924503326416,13.859999656677246,9.626898765563965,294.0831604003906,823.2000122070312,-68.7958095,-32.9547644
1751064519633353700,258.7923537597656,8.691014289855957,1.8292348384857178,5.123924255371094,14.017999649047852,9.803932189941406,294.0045166015625,823.2000122070312,-68.7959239,-32.9547223
1751064520633353700,259.7923537597656,8.265349388122559,1.8200000524520874,5.13392448425293,14.265000343322754,10.173073768615723,293.037109375,823.2000122070312,-68.7960424,-32.9546946
1751064521633353700,260.7923537597656,7.984982013702393,1.9780040979385376,5.143924236297607,14.565999984741211,10.447866439819336,293.0041809082031,823.2000122070312,-68.7961675,-32.9546573
1751064522633353700,261.7923537597656,7.181135177612305,2.0402204990386963,5.153924465179443,14.880000114440918,10.786635398864746,289.1356201171875,823.2000122070312,-68.7963057,-32.9546531
1751064523633353700,262.7923537597656,6.363226413726807,2.0624258518218994,5.163924217224121,15.147000312805176,10.170686721801758,289.9228515625,823.2000122070312,-68.7964235,-32.9546361
1751064524633353700,263.7923537597656,5.076882362365723,1.700735092163086,5.173924446105957,15.12399959564209,9.709854125976562,290.9549865722656,823.2000122070312,-68.7965236,-32.9546013
1751064525633353700,264.7923537597656,4.3585638999938965,1.5118200778961182,5.183924674987793,14.954999923706055,10.828701972961426,294.9751892089844,823.2000122070312,-68.79661,-32.9545118
1751064526633353700,265.7923537597656,4.007632255554199,1.3634148836135864,5.193924427032471,14.701000213623047,10.184592247009277,293.9991455078125,823.2000122070312,-68.7966965,-32.9544488
1751064527633353700,266.7923537597656,3.897953510284424,1.520690679550171,5.203924655914307,14.437000274658203,9.82166862487793,294.9687805175781,823.2000122070312,-68.7967803,-32.9544004
1751064528633353700,267.7923537597656,3.617542266845703,1.4152384996414185,5.213924407958984,14.041000366210938,10.082840919494629,295.0108642578125,823.2000122070312,-68.7968688,-32.9543518
1751064529633353700,268.7923537597656,3.3728930950164795,1.3240090608596802,5.22392463684082,13.600000381469727,10.559859275817871,296.0035400390625,823.2000122070312,-68.79696,-32.9542791
1751064531633353700,270.7923537597656,3.160832405090332,1.4676852226257324,5.243924617767334,13.067999839782715,10.821837425231934,292.99798583984375,823.2000122070312,-68.7971875,-32.9541873
1751064532633353700,271.7923537597656,3.082852602005005,1.4453372955322266,5.253924369812012,12.940999984741211,10.557723045349121,292.9886474609375,823.2000122070312,-68.7972998,-32.9541492
1751064533633353700,272.7923537597656,3.051788330078125,1.4806079864501953,5.263924598693848,12.753999710083008,10.473081588745117,292.99505615234375,823.2000122070312,-68.7974141,-32.9541074
1751064534633353700,273.7923537597656,2.9878203868865967,1.4671059846878052,5.273924350738525,12.682000160217285,10.392529487609863,292.9964294433594,823.2000122070312,-68.7975206,-32.9540608
1751064535633353700,274.7923537597656,2.8192758560180664,1.2709444761276245,5.283924579620361,12.555999755859375,10.880467414855957,294.0040588378906,823.2000122070312,-68.797622,-32.9540094
1751064536633353700,275.7923537597656,2.774693727493286,1.313697099685669,5.293924331665039,12.451000213623047,10.410673141479492,293.9842529296875,823.2000122070312,-68.7977261,-32.9539652
1751064537633353700,276.7923537597656,2.72774076461792,1.2677934169769287,5.303924560546875,12.298999786376953,10.154597282409668,293.0013427734375,823.2000122070312,-68.7978321,-32.9539361
1751064538633353700,277.7923537597656,2.7098774909973145,1.3274034261703491,5.313924312591553,12.092000007629395,9.886210441589355,292.9898986816406,823.2000122070312,-68.7979291,-32.953907
1751064539633353700,278.7923537597656,2.685971975326538,1.2571793794631958,5.323924541473389,11.836000442504883,9.781780242919922,292.9974365234375,823.2000122070312,-68.7980143,-32.9538728
1751064540633353700,279.7923537597656,2.6900508403778076,1.3792752027511597,5.333924293518066,11.595000267028809,10.173479080200195,295.9792785644531,823.2000122070312,-68.7981018,-32.9538388
1751064541633353700,280.7923537597656,2.665048360824585,1.3446189165115356,5.343924522399902,11.472000122070312,10.570666313171387,296.0144958496094,823.2000122070312,-68.7981928,-32.9537939
1751064542633353700,281.7923537597656,2.6522951126098633,1.3274034261703491,5.35392427444458,11.392000198364258,10.051121711730957,295.9823913574219,823.2000122070312,-68.798284,-32.953753
1751064543633353700,282.7923537597656,2.6988940238952637,1.569777011871338,5.363924503326416,11.354999542236328,9.972124099731445,295.9958801269531,823.2000122070312,-68.7983752,-32.9537247
1751064544633353700,283.7923537597656,2.6906967163085938,1.4671059846878052,5.373924255371094,11.347999572753906,10.642241477966309,296.0271911621094,823.2000122070312,-68.7984751,-32.9536861
1751064545633353700,284.7923537597656,2.720689535140991,1.569777011871338,5.38392448425293,11.434000015258789,9.823058128356934,294.9729309082031,823.2000122070312,-68.7985693,-32.9536603
1751064546633353700,285.7923537597656,2.7979061603546143,1.8200000524520874,5.393924236297607,11.5649995803833,9.964149475097656,295.009521484375,823.2000122070312,-68.7986643,-32.9536293
1751064547633353700,286.7923537597656,2.8623998165130615,1.9873600006103516,5.403924465179443,11.791000366210938,10.01748275756836,295.0044250488281,823.2000122070312,-68.7987618,-32.9535923
1751064548633353700,287.7923537597656,2.8245131969451904,1.816177248954773,5.413924217224121,12.064000129699707,10.049428939819336,295.0002746582031,823.2000122070312,-68.7988647,-32.9535555
1751064549633353700,288.7923537597656,2.9059503078460693,2.0530221462249756,5.423924446105957,12.494000434875488,9.926271438598633,294.9886474609375,823.2000122070312,-68.7989618,-32.9535197
1751064550633353700,289.7923537597656,2.9884912967681885,2.22308349609375,5.433924674987793,13.074000358581543,9.797307968139648,294.9863586425781,823.2000122070312,-68.7990563,-32.9534856
1751064551633353700,290.7923537597656,3.0197465419769287,2.1946299076080322,5.443924427032471,13.73799991607666,9.724600791931152,294.9909362792969,823.2000122070312,-68.7991531,-32.953449
1751064552633353700,291.7923537597656,3.0020945072174072,1.9126944541931152,5.453924655914307,14.213000297546387,9.32490348815918,293.98895263671875,823.2000122070312,-68.7992427,-32.9534139
1751064553633353700,292.7923537597656,3.0160398483276367,1.8439631462097168,5.463924407958984,14.522000312805176,9.677021980285645,295.0079040527344,823.2000122070312,-68.7993318,-32.9533766
1751064554633353700,293.7923537597656,2.994370460510254,1.673439621925354,5.47392463684082,14.527000427246094,9.757555961608887,295.0042724609375,823.2000122070312,-68.7994298,-32.9533361
1751064555633353700,294.7923537597656,2.9409587383270264,1.432654857635498,5.483924388885498,14.28600025177002,9.644779205322266,294.9902038574219,823.2000122070312,-68.7995548,-32.9532958
1751064556633353700,295.7923537597656,2.875288248062134,1.3583077192306519,5.493924617767334,13.805000305175781,9.748991966247559,295.9908752441406,823.2000122070312,-68.7996557,-32.9532487
1751064557633353700,296.7923537597656,2.8916187286376953,1.4065561294555664,5.503924369812012,13.125,9.017913818359375,295.9664306640625,823.2000122070312,-68.7997456,-32.9532124
1751064558633353700,297.7923537597656,2.9078707695007324,1.4365583658218384,5.513924598693848,12.496000289916992,8.805147171020508,295.9898376464844,823.2000122070312,-68.7998253,-32.9531812
1751064559633353700,298.7923537597656,2.9234414100646973,1.4413882493972778,5.523924350738525,11.9399995803833,8.450149536132812,296.9667053222656,823.2000122070312,-68.7999119,-32.9531513
1751064560633353700,299.7923537597656,2.8809309005737305,1.346291184425354,5.533924579620361,11.628999710083008,9.243144989013672,297.0289306640625,823.2000122070312,-68.8000111,-32.9531108
1751064561633353700,300.7923537597656,2.9097893238067627,1.5518375635147095,5.543924331665039,11.442000389099121,9.415178298950195,297.0087585449219,823.2000122070312,-68.800105,-32.9530739
1751064562633353700,301.7923537597656,2.9387357234954834,1.7098537683486938,5.553924560546875,11.35200023651123,9.226054191589355,296.98895263671875,823.2000122070312,-68.8001879,-32.9530399
1751064563633353700,302.7923537597656,2.94990873336792,1.4983323812484741,5.563924312591553,11.317999839782715,8.362862586975098,297.9400939941406,823.2000122070312,-68.80026,-32.953002
1751064564633353700,303.7923537597656,2.952665090560913,1.5741982460021973,5.573924541473389,11.347999572753906,8.681792259216309,299.0020751953125,823.2000122070312,-68.8003323,-32.9529613
1751064565633353700,304.7923537597656,2.9723868370056152,1.7281203269958496,5.583924293518066,11.414999961853027,8.660833358764648,298.99786376953125,823.2000122070312,-68.8004156,-32.9529261
1751064566633353700,305.7923537597656,2.9947967529296875,1.9313207864761353,5.593924522399902,11.619000434875488,8.805869102478027,299.98760986328125,823.2000122070312,-68.8004961,-32.9528808
1751064568633353700,307.7923537597656,3.0456743240356445,1.4806079864501953,5.613924503326416,11.993000030517578,7.944299221038818,300.9903869628906,823.2000122070312,-68.8006455,-32.9528042
1751064569633353700,308.7923537597656,3.084095001220703,1.6510905027389526,5.623924255371094,12.168999671936035,8.134539604187012,301.01043701171875,823.2000122070312,-68.8007234,-32.9527687
1751064570633353700,309.7923537597656,3.134902000427246,1.687512993812561,5.63392448425293,12.383000373840332,7.528774738311768,300.9577331542969,823.2000122070312,-68.8007983,-32.9527303
1751064571633353700,310.7923537597656,3.15493106842041,1.6926015615463257,5.643924236297607,12.664999961853027,6.8317060470581055,301.9274597167969,823.2000122070312,-68.8008581,-32.9526931
1751064572633353700,311.7923537597656,3.2348124980926514,1.7332627773284912,5.653924465179443,12.91100025177002,7.3228559494018555,301.05694580078125,823.2000122070312,-68.8009194,-32.9526565
1751064573633353700,312.7923537597656,3.32059645652771,1.8292348384857178,5.663924217224121,13.168000221252441,6.537173748016357,301.9117736816406,823.2000122070312,-68.8009648,-32.9526233
1751064574633353700,313.7923537597656,3.4070866107940674,1.7700282335281372,5.673924446105957,13.553000450134277,5.821141719818115,301.9403076171875,823.2000122070312,-68.8009944,-32.9526062
1751064575633353700,314.7923537597656,3.49263072013855,1.8848077058792114,5.683924674987793,13.914999961853027,5.741783142089844,301.995849609375,823.2000122070312,-68.8010326,-32.952584
1751064576633353700,315.7923537597656,3.5666565895080566,1.9686543941497803,5.693924427032471,14.243000030517578,5.19851541519165,300.9630126953125,823.2000122070312,-68.8010626,-32.9525748
1751064577633353700,316.7923537597656,3.603689432144165,1.6510905027389526,5.703924655914307,14.380999565124512,4.99592399597168,301.9633483886719,823.2000122070312,-68.8011026,-32.9525511
1751064578633353700,317.7923537597656,3.6909425258636475,1.7831432819366455,5.713924407958984,14.428999900817871,4.437198162078857,301.9341735839844,823.2000122070312,-68.8011278,-32.9525382
1751064580633353700,319.7923537597656,3.8806309700012207,1.569777011871338,5.733924388885498,14.53499984741211,2.9716246128082275,301.81976318359375,823.2000122070312,-68.801164,-32.9524998
1751064581633353700,320.7923537597656,3.9935073852539062,1.6058019399642944,14.993483543395996,14.538000106811523,2.5307512283325195,301.92633056640625,825.7999877929688,-68.801167,-32.952491
1751064582633353700,321.7923537597656,4.092576026916504,1.5967780351638794,15.003483772277832,14.482000350952148,1.6519434452056885,301.7644348144531,825.7999877929688,-68.8011654,-32.9524891
1751064583633353700,322.7923537597656,4.185624122619629,1.489462971687317,15.013484001159668,14.454999923706055,1.1020056009292603,301.80072021484375,825.7999877929688,-68.801166,-32.9524895
1751064584633353700,323.7923537597656,4.295397758483887,1.5339491367340088,15.023483276367188,14.425999641418457,0.4649057388305664,301.412841796875,825.7999877929688,-68.8011611,-32.952495
1751064585633353700,324.7923537597656,4.405655384063721,1.5473848581314087,15.033483505249023,14.255000114440918,0.4594826400279999,301.0328369140625,825.7999877929688,-68.8011516,-32.9525046
1751064586633353700,325.7923537597656,4.5092267990112305,1.660180687904358,3.209604024887085,14.038000106811523,0.1578522026538849,300.09228515625,825.7999877929688,-68.8011392,-32.9525168
1751064587633353700,326.7923537597656,45,1.7281203269958496,3.219604015350342,13.85200023651123,0.12403114885091782,302.5984191894531,825.7999877929688,-68.8011243,-32.9525303
1751064588633353700,327.7923537597656,45,1.8940961360931396,3.2296040058135986,13.734999656677246,0.48582008481025696,122.92411041259766,825.7999877929688,-68.8011113,-32.9525374
1751064589633353700,328.7923537597656,4.897690773010254,1.7057843208312988,3.2396039962768555,13.630000114440918,0.4318452775478363,303.1249694824219,825.7999877929688,-68.8011095,-32.9525359
1751064590633353700,329.7923537597656,5.03566837310791,1.7739503383636475,3.2496039867401123,13.562999725341797,0.2991194725036621,301.59295654296875,825.7999877929688,-68.8011064,-32.9525371
1751064591633353700,330.7923537597656,5.175625324249268,1.9651209115982056,12.405906677246094,13.571999549865723,0.22417500615119934,300.16436767578125,825.7999877929688,-68.8011033,-32.9525384
1751064592633353700,331.7923537597656,5.321495532989502,2.270594596862793,12.41590690612793,13.748000144958496,0.3191303014755249,304.9054870605469,825.7999877929688,-68.8011007,-32.9525393
1751064593633353700,332.7923537597656,5.468113899230957,1.6966437101364136,12.425907135009766,13.89900016784668,0.29786694049835205,302.6418151855469,825.7999877929688,-68.8011007,-32.9525396
1751064594633353700,333.7923537597656,5.61044979095459,1.797776460647583,12.435907363891602,13.993000030517578,0.24930760264396667,300.1596984863281,825.7999877929688,-68.8011032,-32.9525381
1751064595633353700,334.7923537597656,5.750224590301514,1.350703477859497,12.445906639099121,14.140000343322754,0.5184400081634521,304.19451904296875,825.7999877929688,-68.8011115,-32.9525312
1751064596633353700,335.7923537597656,5.883944988250732,1.2354756593704224,3.9020280838012695,14.15999984741211,0.34899505972862244,299.279052734375,825.7999877929688,-68.8011181,-32.9525232
1751064597633353700,336.7923537597656,6.0285964012146,1.1628413200378418,3.9120280742645264,14.100000381469727,0.30550920963287354,299.24041748046875,825.7999877929688,-68.8011252,-32.9525155
1751064598633353700,337.7923537597656,6.178869247436523,1.210784912109375,3.922028064727783,13.934000015258789,0.23111341893672943,297.5854187011719,825.7999877929688,-68.8011303,-32.9525103
1751064599633353700,338.7923537597656,45,0.4327816963195801,3.93202805519104,13.788999557495117,0.23656785488128662,298.21551513671875,825.7999877929688,-68.8011351,-32.9525024
1751064600633353700,339.7923537597656,45,0.39051249623298645,3.942028045654297,13.628999710083008,0.24480995535850525,300.4560852050781,825.7999877929688,-68.8011382,-32.9524961
1751064601633353700,340.7923537597656,45,0.4201190173625946,15.000823974609375,13.444000244140625,0.2587498128414154,304.8104248046875,825.7999877929688,-68.8011408,-32.9524897
1751064602633353700,341.7923537597656,45,0.562227725982666,15.010823249816895,13.312999725341797,0.2686338722705841,309.7445983886719,825.7999877929688,-68.8011421,-32.9524848
1751064603633353700,342.7923537597656,45,0.5467174649238586,15.02082347869873,13.107000350952148,0.2640867233276367,313.90606689453125,825.7999877929688,-68.8011423,-32.952482
1751064605633353700,344.7923537597656,45,0.25495097041130066,15.040823936462402,12.50100040435791,0.2491247057914734,312.4613952636719,825.7999877929688,-68.8011457,-32.9524801
1751064606633353700,345.7923537597656,45,0.4201190173625946,3.8816635608673096,12.177000045776367,0.23281502723693848,313.5853576660156,825.7999877929688,-68.8011463,-32.9524791
1751064607633353700,346.7923537597656,45,0.4661544859409332,3.8916635513305664,11.871000289916992,0.20643456280231476,317.41650390625,825.7999877929688,-68.8011456,-32.9524783
1751064608633353700,347.7923537597656,45,0.41868841648101807,3.9016637802124023,11.642999649047852,0.1634075790643692,318.107421875,825.7999877929688,-68.8011446,-32.9524791
1751064609633353700,348.7923537597656,45,0.5403702259063721,3.911663770675659,11.517000198364258,0.1307569146156311,318.00775146484375,825.7999877929688,-68.801144,-32.9524796
1751064610633353700,349.7923537597656,0,0.570087730884552,3.921663761138916,11.45199966430664,0.09625042229890823,0,825.7999877929688,-68.8011435,-32.9524808
1751064611633353700,350.7923537597656,0,0.5560575723648071,9.60667896270752,11.416999816894531,0.0370168462395668,0,825.7999877929688,-68.8011415,-32.9524838
1751064612633353700,351.7923537597656,0,0.5640035271644592,9.616679191589355,11.423999786376953,0.03200102224946022,0,825.7999877929688,-68.8011405,-32.9524863
1751064613633353700,352.7923537597656,0,0.7780103087425232,9.626679420471191,11.406000137329102,0.05417616665363312,0,825.7999877929688,-68.8011396,-32.9524883
1751064614633353700,353.7923537597656,8.310603141784668,1.2589678764343262,9.636678695678711,11.366999626159668,2.8394408226013184,303.6202392578125,825.7999877929688,-68.8011814,-32.952463
1751064615633353700,354.7923537597656,8.053439140319824,1.2280064821243286,9.646678924560547,11.355999946594238,3.378803014755249,302.3384704589844,825.7999877929688,-68.8012193,-32.952441
1751064616633353700,355.7923537597656,7.503838062286377,1.4270598888397217,3.0895791053771973,11.39799976348877,4.201874256134033,301.8681945800781,825.7999877929688,-68.8012809,-32.952408
1751064617633353700,356.7923537597656,7.195237159729004,1.351184606552124,3.099579095840454,11.503999710083008,4.513563632965088,301.6611633300781,825.7999877929688,-68.8013321,-32.9523826
1751064618633353700,357.7923537597656,6.505838871002197,1.4142135381698608,3.109579086303711,11.576000213623047,5.4027934074401855,301.9226379394531,825.7999877929688,-68.801409,-32.9523462
1751064620633353700,359.7923537597656,5.973063945770264,1.7281203269958496,3.1295790672302246,11.61299991607666,6.769046306610107,301.51025390625,825.7999877929688,-68.8015752,-32.952263
1751064621633353700,360.7923537597656,5.238614082336426,1.5608010292053223,3.1395790576934814,11.574999809265137,7.818861484527588,301.25885009765625,825.7999877929688,-68.8016696,-32.9522146
1751064622633353700,361.7923537597656,4.721150875091553,1.5161134004592896,3.1495790481567383,11.527000427246094,8.662306785583496,301.5332336425781,825.7999877929688,-68.8017677,-32.9521615
1751064623633353700,362.7923537597656,4.412993431091309,1.454132080078125,3.159579038619995,11.418000221252441,9.039511680603027,301.40142822265625,825.7999877929688,-68.801859,-32.9521204
1751064624633353700,363.7923537597656,4.281613349914551,1.687512993812561,3.169579029083252,11.46399974822998,9.091811180114746,301.7467041015625,825.7999877929688,-68.8019311,-32.9520861
1751064625633353700,364.7923537597656,3.8374812602996826,1.4671059846878052,3.179579019546509,11.607000350952148,9.800241470336914,302.7411804199219,825.7999877929688,-68.8020297,-32.952029
1751064626633353700,365.7923537597656,3.6055662631988525,1.547417163848877,3.1895790100097656,11.72700023651123,10.027754783630371,303.0062255859375,825.7999877929688,-68.8021222,-32.9519759
1751064627633353700,366.7923537597656,3.584200143814087,1.6966437101364136,3.1995790004730225,11.894000053405762,10.39861011505127,303.19805908203125,825.7999877929688,-68.8022226,-32.9519231
1751064628633353700,367.7923537597656,3.4763031005859375,1.6238842010498047,3.2095789909362793,12.012999534606934,10.868042945861816,303.7825927734375,825.7999877929688,-68.8023268,-32.9518688
1751064629633353700,368.7923537597656,3.3386380672454834,1.5967780351638794,3.219578981399536,12.151000022888184,10.940374374389648,303.9300231933594,825.7999877929688,-68.8024233,-32.951814
1751064630633353700,369.7923537597656,3.2443721294403076,1.569777011871338,3.229579210281372,12.123000144958496,10.929093360900879,304.4550476074219,825.7999877929688,-68.8025241,-32.951756
1751064631633353700,370.7923537597656,3.1110899448394775,1.4806079864501953,3.239579200744629,12.059000015258789,10.937295913696289,304.7005920410156,825.7999877929688,-68.8026405,-32.9516899
1751064632633353700,371.7923537597656,2.9707999229431152,1.3967103958129883,3.2495791912078857,12.050000190734863,11.116122245788574,305.4831848144531,825.7999877929688,-68.8027422,-32.9516226
1751064633633353700,372.7923537597656,2.9914205074310303,1.718982219696045,3.2595791816711426,12.067999839782715,11.211522102355957,305.7635498046875,825.7999877929688,-68.8028457,-32.9515562
1751064634633353700,373.7923537597656,2.998915672302246,1.9406442642211914,3.2695791721343994,12.154000282287598,11.284457206726074,306.3694152832031,825.7999877929688,-68.8029438,-32.9514796
1751064635633353700,374.7923537597656,2.9725847244262695,2.04362416267395,3.2795791625976562,12.32699966430664,11.163862228393555,307.0393981933594,825.7999877929688,-68.8030325,-32.9514117
1751064636633353700,375.7923537597656,2.9424448013305664,2.1756837368011475,3.289579153060913,12.585000038146973,11.725798606872559,307.61297607421875,825.7999877929688,-68.8031547,-32.9513302
1751064637633353700,376.7923537597656,2.8563215732574463,2.0060906410217285,3.29957914352417,12.809000015258789,12.031220436096191,308.3594665527344,825.7999877929688,-68.8032653,-32.9512429
1751064638633353700,377.7923537597656,2.6842801570892334,1.4717676639556885,3.3095791339874268,12.934000015258789,11.741497993469238,309.2809753417969,825.7999877929688,-68.8033582,-32.9511666
1751064639633353700,378.7923537597656,2.6390233039855957,1.4629422426223755,3.3195791244506836,13.031999588012695,11.790387153625488,310.22955322265625,825.7999877929688,-68.8034643,-32.9510768
1751064640633353700,379.7923537597656,2.591108560562134,1.454132080078125,3.3295791149139404,13.119000434875488,11.942646980285645,310.6590270996094,825.7999877929688,-68.8035661,-32.9510011
1751064641633353700,380.7923537597656,2.6087114810943604,1.489462971687317,3.3395791053771973,13.12399959564209,11.254118919372559,310.714599609375,825.7999877929688,-68.8036623,-32.950922
1751064642633353700,381.7923537597656,2.677243232727051,1.7831432819366455,3.349579095840454,13.135000228881836,11.033028602600098,311.2480163574219,825.7999877929688,-68.8037548,-32.9508435
1751064643633353700,382.7923537597656,2.7206413745880127,1.7661540508270264,3.359579086303711,13.24899959564209,10.653160095214844,311.9938659667969,825.7999877929688,-68.8038415,-32.9507721
1751064645633353700,384.7923537597656,2.7245168685913086,1.67430579662323,3.3795790672302246,13.850000381469727,9.539591789245605,312.5462646484375,825.7999877929688,-68.8039922,-32.9506666
1751064646633353700,385.7923537597656,2.6941256523132324,1.5294770002365112,3.3895790576934814,14.053999900817871,9.511228561401367,312.7774963378906,825.7999877929688,-68.8040685,-32.9506072
1751064647633353700,386.7923537597656,2.629408836364746,1.4277955293655396,3.3995790481567383,14.102999687194824,9.602790832519531,312.8586730957031,825.7999877929688,-68.8041561,-32.9505506
1751064648633353700,387.7923537597656,2.652066230773926,1.4629422426223755,3.409579038619995,14.020000457763672,9.20097827911377,312.82879638671875,825.7999877929688,-68.8042345,-32.9505031
1751064649633353700,388.7923537597656,2.6452696323394775,1.4016062021255493,3.419579029083252,13.944999694824219,9.444657325744629,313.47186279296875,825.7999877929688,-68.8043225,-32.9504325
1751064650633353700,389.7923537597656,2.6086456775665283,1.3879841566085815,3.429579019546509,13.781999588012695,10.172896385192871,313.8037109375,825.7999877929688,-68.8044213,-32.9503502
1751064651633353700,390.7923537597656,2.6134893894195557,1.4671059846878052,3.4395790100097656,13.593000411987305,10.156378746032715,313.8995361328125,825.7999877929688,-68.8045052,-32.9502828
1751064652633353700,391.7923537597656,2.5874032974243164,1.4142135381698608,3.4495790004730225,13.37399959564209,10.337808609008789,313.93658447265625,825.7999877929688,-68.8045894,-32.9502224
1751064653633353700,392.7923537597656,2.5716354846954346,1.422989845275879,3.4595789909362793,13.29699993133545,10.553772926330566,313.9637145996094,825.7999877929688,-68.8046697,-32.9501629
1751064654633353700,393.7923537597656,2.552455425262451,1.4142135381698608,3.469578981399536,13.253000259399414,10.795917510986328,313.46246337890625,825.7999877929688,-68.8047566,-32.9500979
1751064655633353700,394.7923537597656,2.526648759841919,1.5384408235549927,3.479579210281372,13.11299991607666,11.16406536102295,313.2644958496094,825.7999877929688,-68.8048486,-32.9500263
1751064656633353700,395.7923537597656,2.524157762527466,1.475974202156067,3.489579200744629,12.944000244140625,11.054627418518066,313.1085510253906,825.7999877929688,-68.8049334,-32.9499631
1751064657633353700,396.7923537597656,2.513319969177246,1.5608010292053223,3.4995791912078857,12.776000022888184,11.008662223815918,313.5395202636719,825.7999877929688,-68.8050189,-32.9498948
1751064658633353700,397.7923537597656,2.5089497566223145,1.547417163848877,3.5095791816711426,12.706999778747559,10.907756805419922,313.2694396972656,825.7999877929688,-68.8051021,-32.9498271
1751064659633353700,398.7923537597656,2.529543161392212,1.4270598888397217,3.5195791721343994,12.640999794006348,10.366795539855957,313.0835266113281,825.7999877929688,-68.8051734,-32.94977
1751064660633353700,399.7923537597656,2.560727119445801,1.6834487915039062,3.5295791625976562,12.633000373840332,10.329626083374023,313.52105712890625,825.7999877929688,-68.8052476,-32.9497041
1751064661633353700,400.7923537597656,2.546298027038574,1.64283287525177,3.539579153060913,12.623000144958496,10.211348533630371,313.742431640625,825.7999877929688,-68.8053235,-32.9496431
1751064662633353700,401.7923537597656,2.5564417839050293,1.6154875755310059,3.54957914352417,12.621000289916992,10.020894050598145,313.3387756347656,825.7999877929688,-68.8054022,-32.9495854
1751064663633353700,402.7923537597656,2.563929557800293,1.6560494899749756,3.5595791339874268,12.630000114440918,9.961769104003906,313.64776611328125,825.7999877929688,-68.8054782,-32.9495248
1751064664633353700,403.7923537597656,2.55873703956604,1.5340468883514404,3.5695791244506836,12.588000297546387,10.069689750671387,313.8194274902344,825.7999877929688,-68.8055591,-32.9494632
1751064665633353700,404.7923537597656,2.589789390563965,1.3569451570510864,3.5795791149139404,12.505000114440918,9.30702018737793,313.2923889160156,825.7999877929688,-68.805617,-32.9494174
1751064666633353700,405.7923537597656,2.599381685256958,1.36952543258667,3.5895791053771973,12.37399959564209,9.224885940551758,313.67724609375,825.7999877929688,-68.805674,-32.949371
1751064667633353700,406.7923537597656,2.606271505355835,1.3831124305725098,3.599579095840454,12.229000091552734,9.486441612243652,313.86865234375,825.7999877929688,-68.8057397,-32.949318
1751064668633353700,407.7923537597656,2.609400510787964,1.348258137702942,3.609579086303711,12.074000358581543,9.55955982208252,313.93939208984375,825.7999877929688,-68.8058034,-32.9492687
1751064669633353700,408.7923537597656,2.643134117126465,1.348258137702942,3.6195790767669678,11.87600040435791,9.025257110595703,313.963134765625,825.7999877929688,-68.8058652,-32.9492126
1751064670633353700,409.7923537597656,2.6601123809814453,1.4803040027618408,3.6295790672302246,11.743000030517578,8.841416358947754,313.97479248046875,825.7999877929688,-68.8059319,-32.9491571
1751064671633353700,410.7923537597656,2.6829564571380615,1.5339491367340088,3.6395790576934814,11.657999992370605,8.757115364074707,313.982177734375,825.7999877929688,-68.8059956,-32.9491056
1751064672633353700,411.7923537597656,2.7217113971710205,1.50266432762146,3.6495790481567383,11.593000411987305,8.305679321289062,313.43280029296875,825.7999877929688,-68.8060516,-32.9490601
1751064673633353700,412.7923537597656,2.7300827503204346,1.4016062021255493,3.659579038619995,11.553999900817871,8.477808952331543,313.19775390625,825.7999877929688,-68.8061178,-32.9490123
1751064674633353700,413.7923537597656,2.7688262462615967,1.4582524299621582,3.669579029083252,11.543999671936035,8.371222496032715,313.0984191894531,825.7999877929688,-68.8061731,-32.9489665
1751064675633353700,414.7923537597656,2.7757132053375244,1.4054536819458008,3.679579019546509,11.5600004196167,8.493026733398438,313.0666809082031,825.7999877929688,-68.8062386,-32.9489137
1751064676633353700,415.7923537597656,2.83860445022583,1.6510905027389526,3.6895790100097656,11.595000267028809,8.571075439453125,313.0320739746094,825.7999877929688,-68.8063056,-32.9488647
1751064677633353700,416.7923537597656,2.8090357780456543,1.4054536819458008,3.6995790004730225,11.586000442504883,8.549885749816895,312.97869873046875,825.7999877929688,-68.8063778,-32.9488152
1751064678633353700,417.7923537597656,2.7931127548217773,1.3619104623794556,3.7095789909362793,11.553000450134277,8.802982330322266,312.99853515625,825.7999877929688,-68.8064612,-32.9487532
1751064679633353700,418.7923537597656,2.8269543647766113,1.4270598888397217,3.719578981399536,11.526000022888184,8.60469913482666,312.96258544921875,825.7999877929688,-68.806541,-32.9486918
1751064680633353700,419.7923537597656,2.837691307067871,1.4054536819458008,3.729579210281372,11.498000144958496,8.453710556030273,312.9798583984375,825.7999877929688,-68.8066055,-32.9486374
1751064681633353700,420.7923537597656,2.844071388244629,1.4317821264266968,3.739579200744629,11.472999572753906,8.463057518005371,313.5416259765625,825.7999877929688,-68.8066635,-32.948585
1751064682633353700,421.7923537597656,2.789733409881592,1.3831124305725098,3.7495791912078857,11.401000022888184,9.304655075073242,313.8751220703125,825.7999877929688,-68.8067325,-32.9485211
1751064683633353700,422.7923537597656,2.760793447494507,1.3395894765853882,3.7595791816711426,11.35200023651123,9.777586936950684,313.9930114746094,825.7999877929688,-68.8068106,-32.9484503
1751064684633353700,423.7923537597656,2.6985762119293213,1.3223085403442383,3.7695791721343994,11.319000244140625,10.518471717834473,314.0630798339844,825.7999877929688,-68.8068876,-32.9483767
1751064685633353700,424.7923537597656,2.724813938140869,1.5967780351638794,3.7795791625976562,11.310999870300293,10.885143280029297,314.0541076660156,825.7999877929688,-68.8069875,-32.9482944
1751064686633353700,425.7923537597656,2.657639503479004,1.3051053285598755,3.789579153060913,11.274999618530273,10.595243453979492,314.0289306640625,825.7999877929688,-68.807076,-32.9482171
1751064687633353700,426.7923537597656,2.699554681777954,1.5787653923034668,3.79957914352417,11.319000244140625,10.453381538391113,314.0331115722656,825.7999877929688,-68.8071534,-32.9481475
1751064688633353700,427.7923537597656,2.6527230739593506,1.3967103958129883,3.8095791339874268,11.420999526977539,10.244842529296875,314.00274658203125,825.7999877929688,-68.8072321,-32.9480844
1751064689633353700,428.7923537597656,2.6362252235412598,1.4365583658218384,3.8195791244506836,11.553000450134277,10.226948738098145,313.9822998046875,825.7999877929688,-68.807314,-32.948023
1751064690633353700,429.7923537597656,2.6292672157287598,1.5967780351638794,3.8295791149139404,11.710000038146973,10.293566703796387,313.49755859375,825.7999877929688,-68.8074033,-32.9479582
1751064691633353700,430.7923537597656,2.592348575592041,1.360771894454956,3.8395791053771973,11.824000358581543,10.174099922180176,313.2027893066406,825.7999877929688,-68.8074844,-32.9478963
1751064692633353700,431.7923537597656,2.6263949871063232,1.6058019399642944,3.849579095840454,11.958999633789062,10.383926391601562,313.58721923828125,825.7999877929688,-68.8075752,-32.9478231
1751064693633353700,432.7923537597656,2.592013359069824,1.3705837726593018,3.859579086303711,11.996000289916992,10.021418571472168,313.790771484375,825.7999877929688,-68.807654,-32.9477607
1751064694633353700,433.7923537597656,2.621263265609741,1.3446189165115356,3.8695790767669678,11.982999801635742,9.262801170349121,313.8607482910156,825.7999877929688,-68.8077204,-32.9477067
1751064695633353700,434.7923537597656,2.6228768825531006,1.2879829406738281,3.8795790672302246,11.878999710083008,9.176105499267578,313.9477844238281,825.7999877929688,-68.8077761,-32.9476587
1751064696633353700,435.7923537597656,2.6424429416656494,1.3782960176467896,3.8895790576934814,11.746000289916992,8.767635345458984,313.9721984863281,825.7999877929688,-68.8078327,-32.9476068
1751064697633353700,436.7923537597656,2.6881515979766846,1.422989845275879,3.8995790481567383,11.631999969482422,8.140986442565918,313.9423522949219,825.7999877929688,-68.8078922,-32.9475585
1751064698633353700,437.7923537597656,2.7431302070617676,1.4054536819458008,3.909579038619995,11.515999794006348,7.324746608734131,313.9328918457031,825.7999877929688,-68.8079368,-32.9475173
1751064699633353700,438.7923537597656,2.7957115173339844,1.4142135381698608,3.919579029083252,11.423999786376953,6.774883270263672,313.95953369140625,825.7999877929688,-68.8079825,-32.9474725
1751064700633353700,439.7923537597656,2.862443447113037,1.3446189165115356,3.929579019546509,11.312000274658203,6.067408084869385,313.9400329589844,825.7999877929688,-68.8080232,-32.9474354
1751064701633353700,440.7923537597656,2.9514012336730957,1.313697099685669,3.9395790100097656,11.270999908447266,4.98169469833374,313.83099365234375,825.7999877929688,-68.8080576,-32.9474104
1751064703633353700,442.7923537597656,3.1487362384796143,1.5787653923034668,5.3803205490112305,11.24899959564209,3.5400612354278564,313.7392883300781,829.4852294921875,-68.8081055,-32.9473704
1751064704633353700,443.7923537597656,3.250684976577759,1.5294770002365112,1.8524847030639648,11.269000053405762,2.871427059173584,313.7387390136719,827,-68.8081181,-32.9473579
1751064705633353700,444.7923537597656,3.3614351749420166,1.5205261707305908,1.8624848127365112,11.303000450134277,2.249607563018799,313.67864990234375,827,-68.8081237,-32.9473535
1751064706633353700,445.7923537597656,3.477851152420044,1.7372679710388184,1.872484803199768,11.413999557495117,1.8062633275985718,313.6298828125,827,-68.8081262,-32.9473513
1751064707633353700,446.7923537597656,3.596381902694702,1.9406442642211914,1.882484793663025,11.572999954223633,1.4287923574447632,313.5850524902344,827,-68.8081264,-32.9473502
1751064708633353700,447.7923537597656,3.71484637260437,2.0718350410461426,1.8924847841262817,11.791999816894531,1.1522059440612793,313.6549987792969,827,-68.8081237,-32.9473503
1751064709633353700,448.7923537597656,3.8348207473754883,2.118962049484253,4.177309513092041,11.961000442504883,1.0998649597167969,313.9368591308594,827,-68.8081229,-32.9473486
1751064710633353700,449.7923537597656,3.9566802978515625,2.213594436645508,4.187309741973877,12.29699993133545,1.2692735195159912,314.54644775390625,827,-68.8081309,-32.947339
1751064711633353700,450.7923537597656,4.0828399658203125,1.6287418603897095,4.197309494018555,12.48799991607666,0.814092218875885,314.8811950683594,827,-68.8081334,-32.9473349
1751064712633353700,451.7923537597656,4.213878631591797,1.660180687904358,4.207309722900391,12.576000213623047,0.5192327499389648,315.17095947265625,827,-68.8081293,-32.9473358
1751064713633353700,452.7923537597656,4.344764232635498,1.7976930141448975,4.217309474945068,12.638999938964844,0.6179692149162292,315.4191589355469,827,-68.8081277,-32.9473328
1751064714633353700,453.7923537597656,4.47774600982666,1.9780040979385376,1.7122372388839722,12.621000289916992,0.7410699725151062,315.4461975097656,827,-68.8081306,-32.9473271
1751064715633353700,454.7923537597656,4.614589691162109,2.081249713897705,1.722237229347229,12.687000274658203,0.7211687564849854,315.2989807128906,827,-68.8081361,-32.9473221
1751064716633353700,455.7923537597656,4.752878189086914,2.413731575012207,1.7322372198104858,12.585000038146973,0.5764979124069214,315.2559814453125,827,-68.8081353,-32.9473227
1751064717633353700,456.7923537597656,4.893898963928223,2.1946299076080322,1.7422372102737427,12.581999778747559,0.6004011631011963,314.9924011230469,827,-68.8081381,-32.9473216
1751064718633353700,457.7923537597656,5.036190032958984,2.185154438018799,1.7522372007369995,12.654999732971191,0.4712279736995697,315.1691589355469,827,-68.8081357,-32.9473225
1751064719633353700,458.7923537597656,5.181809902191162,1.9313207864761353,1.8609106540679932,12.62600040435791,0.38300105929374695,315.24993896484375,827,-68.8081313,-32.9473254
1751064720633353700,459.7923537597656,5.326489448547363,2.0624258518218994,1.87091064453125,12.574000358581543,0.7042443156242371,315.06640625,827,-68.8081207,-32.9473344
1751064721633353700,460.7923537597656,5.4728522300720215,1.834693431854248,1.8809106349945068,12.447999954223633,0.7741029262542725,314.6731262207031,827,-68.8081142,-32.9473443
1751064722633353700,461.7923537597656,45,1.246795892715454,1.8909106254577637,12.199000358581543,0.7313860058784485,314.47869873046875,827,-68.8081072,-32.9473515
1751064723633353700,462.7923537597656,45,0.4036087095737457,1.9009106159210205,11.940999984741211,0.6591797471046448,314.64593505859375,827,-68.8080992,-32.9473575
1751064725633353700,464.7923537597656,45,0.5162363648414612,1.8147871494293213,11.423999786376953,0.5387663841247559,318.5372009277344,827,-68.8080915,-32.9473571
1751064726633353700,465.7923537597656,45,0.5594640374183655,1.8247871398925781,11.258000373840332,0.4490233063697815,320.6935119628906,827,-68.8080872,-32.9473587
1751064727633353700,466.7923537597656,45,0.7111258506774902,1.834787130355835,11.11400032043457,0.3965286314487457,320.23602294921875,827,-68.8080872,-32.9473591
1751064728633353700,467.7923537597656,45,0.765571653842926,1.8447871208190918,11.100000381469727,0.3779064118862152,318.6313171386719,827,-68.8080895,-32.947358
1751064729633353700,468.7923537597656,45,1.1292475461959839,1.8516998291015625,11.149999618530273,0.4092000424861908,317.0440673828125,827,-68.8080947,-32.9473543
1751064730633353700,469.7923537597656,45,1.0833743810653687,1.8616998195648193,11.229999542236328,0.4635552167892456,315.691162109375,827,-68.8081015,-32.9473494
1751064731633353700,470.7923537597656,45,1.0867382287979126,1.8716998100280762,11.33899974822998,0.5091146230697632,315.03887939453125,827,-68.8081079,-32.9473444
1751064732633353700,471.7923537597656,6.732597827911377,1.7009702920913696,1.881699800491333,11.491999626159668,3.716944694519043,314.2572021484375,827,-68.8081683,-32.9472968
1751064733633353700,472.7923537597656,6.588881492614746,1.8495404720306396,1.8916997909545898,11.607000350952148,5.099912643432617,314.1119689941406,827,-68.8082778,-32.9472085
1751064735633353700,474.7923537597656,4.371449947357178,1.3086252212524414,2.7838096618652344,11.569000244140625,9.559844017028809,313.46295166015625,827,-68.808557,-32.9469933
1751064736633353700,475.7923537597656,4.17693567276001,1.5967780351638794,2.793809652328491,11.503999710083008,10.187945365905762,313.2585144042969,827,-68.8086764,-32.9469052
1751064737633353700,476.7923537597656,4.160200595855713,1.8755265474319458,2.803809642791748,11.390000343322754,10.684662818908691,312.7462463378906,827,-68.8088,-32.9468187
1751064738633353700,477.7923537597656,3.5281918048858643,1.3446189165115356,2.813809633255005,11.218000411987305,11.423325538635254,312.91668701171875,827,-68.8089261,-32.9467186
1751064739633353700,478.7923537597656,3.251161813735962,1.3274034261703491,2.8238096237182617,11.069999694824219,11.847126007080078,312.9911804199219,827,-68.8090452,-32.9466217
1751064740633353700,479.7923537597656,3.0630478858947754,1.3223085403442383,2.8338096141815186,11.02400016784668,11.900727272033691,313.0157165527344,827,-68.8091483,-32.9465347
1751064741633353700,480.7923537597656,2.8940980434417725,1.2932130098342896,2.8438096046447754,10.987000465393066,12.265703201293945,313.0445861816406,827,-68.8092546,-32.946445
1751064742633353700,481.7923537597656,2.7434778213500977,1.2677934169769287,2.8538095951080322,10.961999893188477,12.678443908691406,313.0657958984375,827,-68.8093604,-32.9463531
1751064743633353700,482.7923537597656,2.6457786560058594,1.2317466735839844,2.863809585571289,10.946999549865723,12.460445404052734,313.0250244140625,827,-68.8094572,-32.9462734
1751064744633353700,483.7923537597656,2.560894250869751,1.265701413154602,2.873809576034546,10.963000297546387,12.384785652160645,313.01287841796875,827,-68.8095545,-32.9461944
1751064745633353700,484.7923537597656,2.473548650741577,1.2794530391693115,2.8838095664978027,10.979000091552734,12.687012672424316,313.0272521972656,827,-68.8096591,-32.9461114
1751064746633353700,485.7923537597656,2.4052650928497314,1.2571793794631958,2.8938095569610596,10.991000175476074,12.757614135742188,313.0129089355469,827,-68.8097623,-32.9460319
1751064747633353700,486.7923537597656,2.391347646713257,1.2455520629882812,2.9038095474243164,10.99899959564209,12.10466194152832,312.9358215332031,827,-68.8098643,-32.9459603
1751064748633353700,487.7923537597656,2.352663278579712,1.2847179174423218,2.9138095378875732,10.996000289916992,12.156412124633789,312.9689025878906,827,-68.8099604,-32.9458876
1751064749633353700,488.7923537597656,2.334503650665283,1.3446189165115356,2.92380952835083,10.979999542236328,11.944755554199219,312.97833251953125,827,-68.8100515,-32.9458123
1751064750633353700,489.7923537597656,2.3302090167999268,1.3446189165115356,2.933809518814087,10.946999549865723,11.564825057983398,312.97979736328125,827,-68.8101334,-32.9457409
1751064751633353700,490.7923537597656,2.3353912830352783,1.3929105997085571,2.9438095092773438,10.920000076293945,11.239086151123047,312.97369384765625,827,-68.8102169,-32.9456712
1751064752633353700,491.7923537597656,2.354792594909668,1.6510905027389526,2.9538097381591797,10.920999526977539,11.060978889465332,312.98846435546875,827,-68.8102983,-32.9456014
1751064753633353700,492.7923537597656,2.372973918914795,1.614837408065796,2.9638097286224365,10.975000381469727,10.567424774169922,312.9508056640625,827,-68.8103727,-32.9455407
1751064754633353700,493.7923537597656,2.391571283340454,1.4054536819458008,2.9738097190856934,11.020000457763672,9.969383239746094,312.92901611328125,827,-68.8104422,-32.9454843
1751064755633353700,494.7923537597656,2.4127237796783447,1.454132080078125,2.98380970954895,11.086999893188477,9.662266731262207,312.9306335449219,827,-68.810513,-32.9454295
1751064756633353700,495.7923537597656,2.4558537006378174,1.4717676639556885,2.993809700012207,11.20199966430664,9.277804374694824,312.9964904785156,827,-68.8105817,-32.9453692
1751064757633353700,496.7923537597656,2.472482442855835,1.4983323812484741,3.003809690475464,11.335000038146973,9.583783149719238,313.00189208984375,827,-68.8106615,-32.9453074
1751064758633353700,497.7923537597656,2.4953701496124268,1.315484642982483,3.0138096809387207,11.397000312805176,9.274853706359863,312.9989013671875,827,-68.8107259,-32.9452531
1751064759633353700,498.7923537597656,2.5047647953033447,1.4277955293655396,3.0238096714019775,11.428000450134277,9.525172233581543,313.002197265625,827,-68.8107968,-32.9451917
1751064760633353700,499.7923537597656,2.5282227993011475,1.3842326402664185,3.0338096618652344,11.468000411987305,9.245243072509766,312.9982604980469,827,-68.8108756,-32.9451292
1751064761633353700,500.7923537597656,2.5399363040924072,1.507215976715088,3.043809652328491,11.522000312805176,9.729683876037598,313.00347900390625,827,-68.8109513,-32.945069
1751064762633353700,501.7923537597656,2.565993547439575,1.660180687904358,3.053809642791748,11.552000045776367,9.388647079467773,312.9971923828125,827,-68.8110251,-32.9450104
1751064763633353700,502.7923537597656,2.637063503265381,1.6825278997421265,3.063809633255005,11.59000015258789,9.75064754486084,313.00299072265625,827,-68.8111024,-32.94495
1751064764633353700,503.7923537597656,2.599289655685425,1.687512993812561,3.0738096237182617,11.694000244140625,10.539641380310059,313.0058898925781,827,-68.8111921,-32.9448807
1751064765633353700,504.7923537597656,2.5805892944335938,1.660180687904358,3.0838096141815186,11.791999816894531,10.638251304626465,313.0014953613281,827,-68.8112859,-32.9448017
1751064766633353700,505.7923537597656,2.525845527648926,1.5518375635147095,3.0938096046447754,11.892999649047852,12.029281616210938,313.9847106933594,827,-68.8113965,-32.9447039
1751064767633353700,506.7923537597656,2.507587432861328,1.7149343490600586,3.1038095951080322,12.020999908447266,12.244348526000977,313.0278625488281,827,-68.8115024,-32.9446167
1751064768633353700,507.7923537597656,2.486072063446045,1.6329420804977417,3.113809585571289,12.112000465393066,12.104364395141602,313.9762268066406,827,-68.811606,-32.9445275
1751064769633353700,508.7923537597656,2.431257963180542,1.5250245332717896,3.123809576034546,12.13599967956543,12.501842498779297,314.0009765625,827,-68.811714,-32.9444354
1751064770633353700,509.7923537597656,2.370063543319702,1.3792752027511597,3.1338095664978027,12.0649995803833,13.030335426330566,314.0009460449219,827,-68.8118224,-32.9443482
1751064771633353700,510.7923537597656,2.317650556564331,1.3360015153884888,3.1438095569610596,11.961999893188477,13.452288627624512,314.00140380859375,827,-68.8119171,-32.9442637
1751064772633353700,511.7923537597656,2.299196243286133,1.3705837726593018,3.1538095474243164,11.871000289916992,12.782360076904297,313.999755859375,827,-68.8120069,-32.9441768
1751064773633353700,512.7923537597657,2.229282855987549,1.3792752027511597,3.1638095378875732,11.723999977111816,14.496898651123047,314.0031433105469,827,-68.8121108,-32.944092
1751064774633353700,513.7923537597657,2.1957366466522217,1.3446189165115356,3.17380952835083,11.550999641418457,14.136356353759766,313.9996337890625,827,-68.8122129,-32.9440068
1751064775633353700,514.7923537597657,2.156629800796509,1.3532553911209106,3.183809518814087,11.420000076293945,14.257780075073242,313.9999694824219,827,-68.8123248,-32.9439195
1751064776633353700,515.7923537597657,2.148331880569458,1.3705837726593018,3.1938095092773438,11.348999977111816,13.48428726196289,313.9987487792969,827,-68.8124284,-32.9438319
1751064777633353700,516.7923537597657,2.1196160316467285,1.3705837726593018,3.2038097381591797,11.293999671936035,14.039715766906738,314.0014953613281,827,-68.8125333,-32.9437404
1751064778633353700,517.7923537597657,2.101120710372925,1.3967103958129883,3.2138097286224365,11.248000144958496,13.922274589538574,313.9989013671875,827,-68.8126482,-32.9436585
1751064779633353700,518.7923537597657,2.0813727378845215,1.3360015153884888,3.2238097190856934,11.20300006866455,14.047656059265137,313.01702880859375,827,-68.8127657,-32.9435727
1751064780633353700,519.7923537597657,2.066917896270752,1.2690941095352173,3.23380970954895,11.182000160217285,13.715558052062988,313.9833068847656,827,-68.8128807,-32.9434836
1751064781633353700,520.7923537597657,2.0629847049713135,1.3102670907974243,3.243809700012207,11.156000137329102,13.739550590515137,314,827,-68.8129829,-32.9433972
1751064782633353700,521.7923537597657,2.0570526123046875,1.3360015153884888,3.253809690475464,11.13599967956543,13.740143775939941,313.99993896484375,827,-68.8130949,-32.943307
1751064783633353700,522.7923537597657,2.0701487064361572,1.2847179174423218,3.2638096809387207,11.114999771118164,12.736235618591309,313.997802734375,827,-68.8131991,-32.9432267
1751064784633353700,523.7923537597657,2.0624349117279053,1.260515809059143,3.2738096714019775,11.083999633789062,12.828563690185547,313.99957275390625,827,-68.8133032,-32.9431512
1751064785633353700,524.7923537597657,2.0846776962280273,1.2264175415039062,3.2838096618652344,11.04699993133545,11.854259490966797,313.9983215332031,827,-68.8133933,-32.9430763
1751064786633353700,525.7923537597657,2.1134064197540283,1.3086252212524414,3.293809652328491,11.024999618530273,11.328839302062988,313.9986572265625,827,-68.8134918,-32.9429972
1751064787633353700,526.7923537597657,2.1247501373291016,1.2742449045181274,3.303809642791748,11.008000373840332,11.71392822265625,314.001220703125,827,-68.8135771,-32.9429214
1751064788633353700,527.7923537597657,2.1405980587005615,1.248679280281067,3.313809633255005,10.986000061035156,11.719915390014648,314.0006408691406,827,-68.8136624,-32.9428426
1751064789633353700,528.7923537597657,2.163236379623413,1.2317466735839844,3.3238096237182617,10.970999717712402,11.348401069641113,313.991455078125,827,-68.8137423,-32.9427786
1751064790633353700,529.7923537597657,2.1730103492736816,1.1957006454467773,3.3338096141815186,10.944999694824219,11.334607124328613,314.0006103515625,827,-68.8138252,-32.9427099
1751064791633353700,530.7923537597657,2.1787285804748535,1.2455520629882812,3.3438096046447754,10.91100025177002,11.621627807617188,314.0084533691406,827,-68.8139124,-32.9426406
1751064792633353700,531.7923537597657,2.1987686157226562,1.3188252449035645,3.3538095951080322,10.862000465393066,11.792623519897461,314.0103759765625,827,-68.814003,-32.9425675
1751064793633353700,532.7923537597657,2.2256569862365723,1.2879829406738281,3.363809585571289,10.807999610900879,11.377572059631348,314.00189208984375,827,-68.8140879,-32.9424931
1751064794633353700,533.7923537597657,2.2428674697875977,1.2847179174423218,3.373809576034546,10.755000114440918,11.099726676940918,314.0012512207031,827,-68.8141711,-32.9424211
1751064795633353700,534.7923537597657,2.2793216705322266,1.4103190898895264,3.3838095664978027,10.73799991607666,10.786515235900879,314.5177001953125,827,-68.8142497,-32.942354
1751064796633353700,535.7923537597657,2.308424949645996,1.4190490245819092,3.3938095569610596,10.755999565124512,10.577558517456055,315.3006896972656,827,-68.8143254,-32.9422886
1751064797633353700,536.7923537597657,2.348971128463745,1.2984991073608398,3.4038095474243164,10.770000457763672,9.988116264343262,315.7193603515625,827,-68.8143958,-32.9422262
1751064798633353700,537.7923537597657,2.4065301418304443,1.3879841566085815,3.4138095378875732,10.819000244140625,9.115213394165039,315.93292236328125,827,-68.8144546,-32.9421691
1751064799633353700,538.7923537597657,2.4586098194122314,1.3395894765853882,3.42380952835083,10.857000350952148,8.415287971496582,315.43115234375,827,-68.8145091,-32.942122
1751064800633353700,539.7923537597657,2.526113510131836,1.3188252449035645,3.433809518814087,10.87600040435791,7.607527256011963,315.2071533203125,827,-68.814558,-32.9420799
1751064801633353700,540.7923537597657,2.587836265563965,1.3274034261703491,3.4438095092773438,10.873000144958496,7.27567195892334,315.0905456542969,827,-68.8146072,-32.9420397
1751064802633353700,541.7923537597657,2.652543783187866,1.3360015153884888,3.4538097381591797,10.829000473022461,7.050203323364258,314.4533386230469,827,-68.8146582,-32.9420037
1751064803633353700,542.7923537597657,2.7128641605377197,1.2709444761276245,3.4638097286224365,10.782999992370605,6.713874816894531,314.1747741699219,827,-68.8147015,-32.9419684
1751064804633353700,543.7923537597657,2.771055221557617,1.2455520629882812,3.4738097190856934,10.694999694824219,6.477092742919922,314.037841796875,827,-68.8147443,-32.9419388
1751064805633353700,544.7923537597657,2.827152729034424,1.2593649625778198,3.48380970954895,10.623000144958496,6.420194149017334,313.9993896484375,827,-68.8147868,-32.9419079
1751064806633353700,545.7923537597657,2.899519920349121,1.2677934169769287,3.493809700012207,10.579000473022461,6.13474178314209,313.96600341796875,827,-68.8148281,-32.9418769
1751064807633353700,546.7923537597657,2.9631829261779785,1.3705837726593018,3.503809690475464,10.531999588012695,5.92575740814209,313.9794921875,827,-68.8148682,-32.9418415
1751064808633353700,547.7923537597657,3.0203371047973633,1.2932130098342896,3.5138096809387207,10.491000175476074,5.792479515075684,313.9622497558594,827,-68.8149097,-32.9418114
1751064809633353700,548.7923537597657,3.0991899967193604,1.2539936304092407,3.5238096714019775,10.468000411987305,5.278420925140381,313.2614440917969,827,-68.814951,-32.9417889
1751064810633353700,549.7923537597657,3.18745493888855,1.4983323812484741,3.5338096618652344,10.503999710083008,5.17943000793457,313.1013488769531,827,-68.8149862,-32.9417634
1751064811633353700,550.7923537597657,3.271225690841675,1.2455520629882812,3.543809652328491,10.529999732971191,4.368018627166748,312.85101318359375,827,-68.8150165,-32.9417405
1751064813633353700,552.7923537597657,3.458361864089966,1.3051053285598755,3.563809633255005,10.569000244140625,3.4648215770721436,312.7146911621094,827,-68.8150679,-32.9417045
1751064814633353700,553.7923537597657,3.5646862983703613,1.248679280281067,3.5738096237182617,10.583000183105469,2.973179817199707,312.6603088378906,827,-68.8150856,-32.9416942
1751064815633353700,554.7923537597657,3.692108392715454,1.2434227466583252,3.5838096141815186,10.59000015258789,1.9336004257202148,312.09454345703125,827,-68.8151013,-32.9416881
1751064816633353700,555.7923537597657,3.815944194793701,1.2999999523162842,3.5938096046447754,10.553999900817871,1.359540343284607,311.8240051269531,827,-68.8151127,-32.941685
1751064817633353700,556.7923537597657,3.9430055618286133,1.5967780351638794,3.6038095951080322,10.5600004196167,1.0106854438781738,311.5402526855469,827,-68.8151194,-32.9416837
1751064818633353700,557.7923537597657,4.071439266204834,1.2986531257629395,3.613809585571289,10.534000396728516,0.8454931378364563,312.1058044433594,827,-68.8151212,-32.9416824
1751064819633353700,558.7923537597657,4.202267646789551,1.3160927295684814,3.623809576034546,10.496000289916992,0.798298180103302,312.5810852050781,827,-68.815122,-32.9416812
1751064820633353700,559.7923537597657,4.334592342376709,1.2999999523162842,3.6338095664978027,10.48799991607666,0.6698424220085144,312.66290283203125,827,-68.8151223,-32.9416794
1751064821633353700,560.7923537597657,45,0.4060788154602051,5.183139801025391,10.5,0.657185435295105,313.07586669921875,826.806884765625,-68.8151186,-32.9416787
1751064822633353700,561.7923537597657,45,0.25495097041130066,4.957280158996582,10.50100040435791,0.6303068995475769,314.17138671875,827.371826171875,-68.8151147,-32.9416774
1751064823633353700,562.7923537597657,45,0.27802878618240356,4.764988422393799,10.456999778747559,0.5949179530143738,315.59552001953125,827.2099609375,-68.8151124,-32.9416759
1751064824633353700,563.7923537597657,45,0.2801785171031952,4.568045139312744,10.4399995803833,0.5515181422233582,316.36663818359375,827.4425048828125,-68.8151117,-32.9416753
1751064825633353700,564.7923537597657,45,0.37802115082740784,4.535689830780029,10.428000450134277,0.5035250782966614,318.301513671875,827.772216796875,-68.8151104,-32.941674
1751064826633353700,565.7923537597657,45,0.7694153785705566,4.382331371307373,10.39900016784668,0.44255101680755615,322.2957763671875,827.9315185546875,-68.8151074,-32.9416729
1751064827633353700,566.7923537597657,45,0.36878177523612976,4.247833251953125,10.357000350952148,0.3724515736103058,323.67022705078125,827.6212158203125,-68.8151056,-32.9416737
1751064828633353700,567.7923537597657,45,0.3324154019355774,4.220303535461426,10.335000038146973,0.2936696410179138,329.50347900390625,827.916748046875,-68.8151018,-32.9416744
1751064829633353700,568.7923537597657,45,0.3189043700695038,4.146658420562744,10.335000038146973,0.24739669263362885,337.24871826171875,827.9718017578125,-68.8150989,-32.9416739
1751064830633353700,569.7923537597657,45,0.2121320366859436,4.147582530975342,10.348999977111816,0.24039940536022186,347.8184814453125,828.520751953125,-68.8150963,-32.9416714
1751064831633353700,570.7923537597657,45,0.3324154019355774,3.909992218017578,10.354999542236328,0.22615839540958405,352.368896484375,828.2806396484375,-68.8150952,-32.94167
1751064832633353700,571.7923537597657,45,0.35468295216560364,4.0997443199157715,10.364999771118164,0.20661824941635132,358.6127014160156,828.388671875,-68.8150935,-32.9416691
1751064833633353700,572.7923537597657,45,0.29698485136032104,3.9870150089263916,10.362000465393066,0.1774059534072876,7.5526838302612305,828.219482421875,-68.8150914,-32.9416693
1751064834633353700,573.7923537597657,45,0.15556348860263824,3.816425085067749,10.300000190734863,0.15227769315242767,12.546001434326172,828.3209228515625,-68.8150904,-32.9416695
1751064835633353700,574.7923537597657,45,0.27202939987182617,3.8808345794677734,10.237000465393066,0.11869930475950241,14.762266159057617,828.33154296875,-68.8150902,-32.9416703
1751064836633353700,575.7923537597657,0,0.35468295216560364,3.8642256259918213,10.178999900817871,0.08791112899780273,0,828.3837890625,-68.815091,-32.9416711
1751064837633353700,576.7923537597657,0,0.4675467908382416,3.906174421310425,10.145000457763672,0.06447680294513702,0,828.528076171875,-68.8150914,-32.9416717
1751064838633353700,577.7923537597657,0,0.5656854510307312,4.151652812957764,10.147000312805176,0.06294224411249161,0,828.3358154296875,-68.8150911,-32.9416713
1751064839633353700,578.7923537597657,7.00282621383667,1.134416103363037,4.2097697257995605,10.20199966430664,3.0406601428985596,312.73223876953125,827.94970703125,-68.8151203,-32.9416482
1751064840633353700,579.7923537597657,6.655614376068115,1.2022062540054321,4.316796779632568,10.343000411987305,4.088118076324463,313.5492248535156,826.953125,-68.8151525,-32.9416228
1751064841633353700,580.7923537597657,6.385165214538574,1.3918691873550415,4.26161003112793,10.49899959564209,4.686420440673828,314.3746032714844,826.9881591796875,-68.8151957,-32.9415815
1751064843633353700,582.7923537597657,5.591712474822998,1.3870832920074463,4.1122026443481445,10.803000450134277,6.221329689025879,314.9033203125,825.804931640625,-68.8153071,-32.941482
1751064844633353700,583.7923537597657,5.128808498382568,1.4405901432037354,4.295355796813965,10.918000221252441,7.228671550750732,314.9563293457031,826.6097412109375,-68.8153796,-32.9414213
1751064845633353700,584.7923537597657,5.083443641662598,1.7281203269958496,4.657578945159912,10.998000144958496,7.677050590515137,314.5807189941406,827.832763671875,-68.8154458,-32.9413642
1751064846633353700,585.7923537597657,5.062458038330078,1.9593111276626587,4.512466907501221,11.08899974822998,7.9290876388549805,313.0836181640625,823.439697265625,-68.8155255,-32.9413183
1751064847633353700,586.7923537597657,4.971665859222412,2.118962049484253,4.628559112548828,11.194999694824219,8.547323226928711,312.6430969238281,824.56640625,-68.8156236,-32.941254
1751064848633353700,587.7923537597657,4.681919097900391,1.9499744176864624,4.589760780334473,11.288999557495117,9.147005081176758,312.3307189941406,826.3861083984375,-68.8157214,-32.9411912
1751064849633353700,588.7923537597657,4.369378089904785,2.024845600128174,4.972999095916748,11.47599983215332,9.599787712097168,313.0610656738281,827.890380859375,-68.8158096,-32.9411183
1751064850633353700,589.7923537597657,4.039750099182129,2.0060906410217285,5.229675769805908,11.723999977111816,10.300521850585938,313.5512390136719,826.66357421875,-68.8159093,-32.9410306
1751064851633353700,590.7923537597657,3.8491339683532715,1.9873600006103516,4.969146728515625,11.946999549865723,10.831425666809082,314.23321533203125,827.0079345703125,-68.8160055,-32.940942
1751064852633353700,591.7923537597657,3.6554925441741943,1.8254314661026,5.512251377105713,12.11299991607666,11.322375297546387,314.6082458496094,825.802490234375,-68.8161039,-32.9408571
1751064853633353700,592.7923537597657,3.4031457901000977,1.8292348384857178,5.736504077911377,12.282999992370605,11.855043411254883,314.8223876953125,826.108642578125,-68.8162066,-32.9407651
1751064854633353700,593.7923537597657,2.9312732219696045,1.3086252212524414,5.33721923828125,12.291000366210938,12.260339736938477,314.3250732421875,825.5125732421875,-68.8163087,-32.9406869
1751064855633353700,594.7923537597657,2.725066900253296,1.2296746969223022,5.514196872711182,12.156999588012695,12.662494659423828,314.11968994140625,826.307861328125,-68.8164138,-32.9406104
1751064856633353700,595.7923537597657,2.6149606704711914,1.2965338230133057,5.334632396697998,11.932000160217285,12.94232177734375,314.03863525390625,827.009765625,-68.8165264,-32.940528
1751064857633353700,596.7923537597657,2.5999903678894043,1.5787653923034668,5.431114196777344,11.725000381469727,13.163581848144531,314.0321960449219,827.137939453125,-68.8166351,-32.9404389
1751064858633353700,597.7923537597657,2.4557790756225586,1.2965338230133057,5.631741523742676,11.515000343322754,13.230172157287598,314.0305480957031,827.265625,-68.8167401,-32.9403482
1751064859633353700,598.7923537597657,2.466001272201538,1.5787653923034668,5.762335777282715,11.295000076293945,13.189621925354004,314.00848388671875,827.306884765625,-68.8168477,-32.9402627
1751064860633353700,599.7923537597657,2.4932942390441895,1.8292348384857178,6.055103778839111,11.32800006866455,13.285537719726562,313.58892822265625,826.6973876953125,-68.8169606,-32.9401744
1751064861633353700,600.7923537597657,2.513664960861206,1.9780040979385376,6.081333160400391,11.447999954223633,13.460375785827637,313.7928161621094,825.4071044921875,-68.8170687,-32.9400799
1751064862633353700,601.7923537597657,2.530916690826416,2.0718350410461426,5.959245681762695,11.670000076293945,13.506973266601562,313.88995361328125,825.504638671875,-68.8171771,-32.9399894
1751064863633353700,602.7923537597657,2.543391466140747,2.0718350410461426,6.202490329742432,11.956999778747559,13.551589965820312,313.9676208496094,827.35302734375,-68.8172836,-32.9398971
1751064864633353700,603.7923537597657,2.5215816497802734,2.1284031867980957,6.301526069641113,12.333999633789062,13.572046279907227,313.98492431640625,827.175048828125,-68.817392,-32.9398083
1751064865633353700,604.7923537597657,3.4675869941711426,1.7870925664901733,6.484318733215332,12.621000289916992,12.905899047851562,314.0348815917969,827.52392578125,-68.8174808,-32.9397242
1751064866633353700,605.7923537597657,3.513733386993408,1.7555910348892212,6.360694408416748,12.821999549865723,11.873607635498047,314.56097412109375,830.738037109375,-68.8175462,-32.9396512
1751064868633353700,607.7923537597657,3.4197189807891846,1.650515079498291,6.28151273727417,12.897000312805176,11.773955345153809,314.967529296875,845.08251953125,-68.8177273,-32.9394707
1751064869633353700,608.7923537597657,3.4113290309906006,1.6055216789245605,6.216789722442627,12.77400016784668,11.55950927734375,314.9786071777344,838.689453125,-68.8178238,-32.9393907
1751064870633353700,609.7923537597657,3.4492881298065186,1.5253196954727173,6.230931282043457,12.520999908447266,11.220768928527832,314.42486572265625,834.5595703125,-68.8179224,-32.9393234
1751064871633353700,610.7923537597657,3.442920446395874,1.507647156715393,6.17896032333374,12.307000160217285,11.128384590148926,314.23699951171875,847.513671875,-68.8180171,-32.9392395
1751064872633353700,611.7923537597657,3.5407040119171143,1.534177303314209,5.720844268798828,12.055000305175781,10.642661094665527,314.1000061035156,846.5650634765625,-68.8180978,-32.9391747
1751064873633353700,612.7923537597657,3.690880060195923,1.7727943658828735,5.786457061767578,11.904999732971191,9.741307258605957,314.0681457519531,851.9322509765625,-68.8181537,-32.9391171
1751064874633353700,613.7923537597657,3.6897993087768555,1.9201041460037231,5.724459648132324,11.845999717712402,9.477105140686035,314.00494384765625,849.7109375,-68.818234,-32.9390545
1751064875633353700,614.7923537597657,3.6106531620025635,0.8134494423866272,5.771178722381592,11.729999542236328,10.381847381591797,313.19183349609375,837.365478515625,-68.8183509,-32.9389838
1751064876633353700,615.7923537597657,3.618185520172119,1.3978912830352783,5.5837321281433105,11.625,10.420251846313477,313.0545654296875,837.125244140625,-68.8184558,-32.938918
1751064877633353700,616.7923537597657,3.7312140464782715,1.6728718280792236,5.620253562927246,11.555000305175781,10.220442771911621,313.4404296875,840.74609375,-68.818536,-32.9388538
1751064878633353700,617.7923537597657,3.76986026763916,1.8185983896255493,5.597559452056885,11.543999671936035,9.913179397583008,313.686279296875,839.4208984375,-68.8186047,-32.9387915
1751064879633353700,618.7923537597657,3.970510959625244,1.5741982460021973,5.497745990753174,11.467000007629395,9.253236770629883,313.8126220703125,832.2757568359375,-68.8186624,-32.938743
1751064880633353700,619.7923537597657,4.100991249084473,1.4852945804595947,5.584949493408203,11.345000267028809,8.636590003967285,313.9007873535156,831.7042236328125,-68.8187173,-32.9386936
1751064881633353700,620.7923537597657,4.2318806648254395,0.8987213373184204,5.37175178527832,11.258000373840332,8.031720161437988,313.9458923339844,827.8836669921875,-68.81877,-32.9386555
1751064882633353700,621.7923537597657,4.34141206741333,0.8570297360420227,5.299382209777832,11.196999549865723,7.617328643798828,314.63848876953125,828.93896484375,-68.8188127,-32.938618
1751064883633353700,622.7923537597657,4.573747158050537,0.8697701096534729,5.272643089294434,11.102999687194824,7.336892604827881,314.8663635253906,829.4237060546875,-68.8188601,-32.9385791
1751064884633353700,623.7923537597657,4.625323295593262,0.7998124957084656,5.047024250030518,10.97599983215332,6.933260917663574,314.9989013671875,827.604736328125,-68.818894,-32.9385488
1751064885633353700,624.7923537597657,4.587882041931152,0.7951100468635559,4.9132981300354,10.857000350952148,7.029184818267822,314.9998474121094,825.920166015625,-68.8189472,-32.9385085
1751064886633353700,625.7923537597657,4.6430583000183105,0.8345058560371399,4.921510696411133,10.723999977111816,6.732588768005371,314.0086669921875,826.532958984375,-68.8190038,-32.9384634
1751064887633353700,626.7923537597657,5.180514335632324,0.8134494423866272,4.787724494934082,10.635000228881836,5.986276626586914,314.99066162109375,827.507080078125,-68.8190579,-32.9384206
1751064888633353700,627.7923537597657,2.926124095916748,1.2762445211410522,4.828169345855713,10.5600004196167,5.388820171356201,315,826.3841552734375,-68.8190889,-32.9383925
1751064889633353700,628.7923537597657,3.0053422451019287,1.313697099685669,4.772125720977783,10.508000373840332,4.996090888977051,315.0011291503906,827.3916015625,-68.8191215,-32.9383575
1751064890633353700,629.7923537597657,3.083944320678711,1.2539936304092407,4.653053283691406,10.470000267028809,4.566061496734619,315,826.50244140625,-68.8191555,-32.9383292
1751064892633353700,631.7923537597657,3.288154125213623,1.2709444761276245,4.557703971862793,10.390000343322754,2.793463706970215,314.9989929199219,826.7037353515625,-68.8191977,-32.9382957
1751064893633353700,632.7923537597657,3.3922958374023438,1.2879829406738281,4.618258953094482,10.397000312805176,2.7506051063537598,314.0107116699219,824.9970703125,-68.8192274,-32.9382856
1751064894633353700,633.7923537597657,3.516028642654419,1.2593649625778198,4.934744358062744,10.430999755859375,1.4776989221572876,313.9734802246094,824.97802734375,-68.8192483,-32.9382774
1751064895633353700,634.7923537597657,3.6377313137054443,1.2932130098342896,5.370636940002441,10.442000389099121,1.272979736328125,313.991943359375,825.495361328125,-68.8192611,-32.9382732
1751064896633353700,635.7923537597657,3.7616612911224365,1.5518375635147095,5.582159996032715,10.461999893188477,1.2994298934936523,314.9794616699219,825.354248046875,-68.8192708,-32.9382655
1751064897633353700,636.7923537597657,3.8883447647094727,1.7057843208312988,5.753042697906494,10.565999984741211,1.2999889850616455,314.0225524902344,825.0682373046875,-68.819282,-32.9382574
1751064898633353700,637.7923537597657,4.018449783325195,1.5339491367340088,5.951508522033691,10.690999984741211,1.339289903640747,313.9978332519531,825.37109375,-68.8192957,-32.9382492
1751064899633353700,638.7923537597657,4.153842449188232,1.5339491367340088,6.190398216247559,10.847999572753906,0.9676695466041565,313.9806823730469,825.547607421875,-68.8193084,-32.938242
1751064900633353700,639.7923537597657,4.291004180908203,1.5518375635147095,6.367294788360596,11.031999588012695,0.6075536012649536,313.97003173828125,825.8465576171875,-68.8193169,-32.9382377
1751064901633353700,640.7923537597657,4.430084705352783,1.5518375635147095,6.583697319030762,11.286999702453613,0.44339489936828613,313.979248046875,824.8916015625,-68.8193212,-32.9382361
1751064902633353700,641.7923537597657,45,1.751627802848816,6.534778594970703,11.59000015258789,0.4412548542022705,313.7867126464844,824.721435546875,-68.8193242,-32.9382351
1751064903633353700,642.7923537597657,4.713045597076416,1.9241621494293213,6.6093316078186035,11.920999526977539,0.7258127331733704,314.00531005859375,824.827392578125,-68.8193292,-32.9382311
1751064904633353700,643.7923537597657,4.8575029373168945,1.5564061403274536,6.627106666564941,12.194000244140625,0.2693699300289154,313.9292297363281,823.7503662109375,-68.8193324,-32.9382293
1751064905633353700,644.7923537597657,5.004077911376953,1.5384408235549927,6.799363136291504,12.479000091552734,0.6716947555541992,314.0181579589844,824.089599609375,-68.8193362,-32.9382289
1751064906633353700,645.7923537597657,5.1535749435424805,1.9464069604873657,7.0597662925720215,12.866999626159668,0.1956147998571396,313.8152160644531,824.9481201171875,-68.8193414,-32.9382285
1751064907633353700,646.7923537597657,5.304539203643799,1.6238842010498047,7.526382923126221,13.25,0.44439440965652466,314.0108642578125,826.680908203125,-68.8193453,-32.9382279
1751064908633353700,647.7923537597657,5.4571428298950195,1.983859896659851,7.498353958129883,13.699000358581543,0.20812161266803741,313.9136657714844,826.426025390625,-68.8193499,-32.9382255
1751064909633353700,648.7923537597657,5.6114726066589355,1.614837408065796,7.46732759475708,14.006999969482422,0.24913214147090912,313.9886779785156,826.27978515625,-68.8193536,-32.9382245
1751064911633353700,650.7923537597657,5.925450325012207,1.9511278867721558,7.5953755378723145,14.99899959564209,0.422816663980484,313.80010986328125,824.26611328125,-68.8193609,-32.9382199
1751064912633353700,651.7923537597657,6.079375267028809,1.458355188369751,7.7735595703125,15.21399974822998,0.7035204172134399,314.0343322753906,824.4443359375,-68.8193677,-32.9382154
1751064913633353700,652.7923537597657,6.214748382568359,1.3908989429473877,42.37103271484375,15.411999702453613,1.0218946933746338,314.10394287109375,826.3999633789062,-68.8193778,-32.938209
1751064914633353700,653.7923537597657,6.346938133239746,1.2976902723312378,42.38103485107422,15.229000091552734,1.2375788688659668,314.0320129394531,826.3999633789062,-68.8193907,-32.9382029
1751064915633353700,654.7923537597657,6.497563362121582,1.3863621950149536,42.39103317260742,15.09000015258789,1.2067844867706299,314.48931884765625,826.3999633789062,-68.8194022,-32.9381963
1751064916633353700,655.7923537597657,6.552052021026611,1.2929424047470093,42.40103530883789,14.736000061035156,1.7587584257125854,314.4462585449219,826.3999633789062,-68.8194191,-32.9381771
1751064917633353700,656.7923537597657,6.492152214050293,1.1970797777175903,42.411033630371094,14.135000228881836,2.7759976387023926,314.8505554199219,826.3999633789062,-68.8194468,-32.9381457
1751064918633353700,657.7923537597657,6.4384894371032715,1.2929424047470093,42.42103576660156,13.704000473022461,3.717999219894409,314.5035705566406,826.3999633789062,-68.8194826,-32.9381092
1751064919633353700,658.7923537597657,6.264082431793213,1.475974202156067,42.431034088134766,13.246000289916992,4.762248992919922,313.9072265625,826.3999633789062,-68.8195342,-32.9380639
1751064921633353700,660.7923537597657,5.760993480682373,1.5967780351638794,42.45103454589844,12.852999687194824,6.529680252075195,314.591552734375,826.3999633789062,-68.8196491,-32.9379552
1751064922633353700,661.7923537597657,5.3098225593566895,1.7332627773284912,42.46103286743164,12.748000144958496,7.190079689025879,314.7919006347656,826.3999633789062,-68.8197145,-32.9378993
1751064923633353700,662.7923537597657,4.961330413818359,1.7240939140319824,42.47103500366211,12.70300006866455,7.6304144859313965,314.4377136230469,826.3999633789062,-68.8197889,-32.93784
1751064924633353700,663.7923537597657,4.640837669372559,1.6783920526504517,42.48103332519531,12.640999794006348,8.373574256896973,314.21624755859375,826.3999633789062,-68.8198733,-32.9377775
1751064925633353700,664.7923537597657,4.257226943969727,1.4453372955322266,42.49103546142578,12.663999557495117,9.571231842041016,313.74334716796875,826.3999633789062,-68.8199649,-32.9376803
1751064926633353700,665.7923537597657,3.863325834274292,1.5339491367340088,9.321621894836426,12.732999801635742,10.512053489685059,312.96661376953125,825.315673828125,-68.8200727,-32.9375936
1751064927633353700,666.7923537597657,3.508333206176758,1.5250245332717896,8.973546981811523,12.793000221252441,11.30807113647461,312.5416259765625,825.735107421875,-68.8201742,-32.9375185
1751064928633353700,667.7923537597657,3.506441593170166,1.7739503383636475,8.604767799377441,12.704000473022461,11.602890014648438,312.297607421875,825.581787109375,-68.8202683,-32.9374587
1751064929633353700,668.7923537597657,3.3149168491363525,1.3497036695480347,8.642435073852539,12.61299991607666,11.744126319885254,312.6883850097656,824.64111328125,-68.8203651,-32.9373853
1751064930633353700,669.7923537597657,3.2925167083740234,1.628158450126648,8.720680236816406,12.571000099182129,11.841909408569336,312.8136291503906,823.04248046875,-68.8204619,-32.9373162
1751064931633353700,670.7923537597657,2.9978489875793457,1.4190490245819092,8.935096740722656,12.42199993133545,12.415753364562988,312.9812316894531,823.533935546875,-68.8205597,-32.9372307
1751064932633353700,671.7923537597657,2.8458127975463867,1.3411189317703247,9.034202575683594,12.175999641418457,12.66640853881836,313.59283447265625,824.594970703125,-68.8206543,-32.9371388
1751064933633353700,672.7923537597657,2.7072718143463135,1.4365583658218384,9.089078903198242,11.998000144958496,12.94700813293457,313.8531799316406,824.9215087890625,-68.8207528,-32.9370451
1751064934633353700,673.7923537597657,2.6078667640686035,1.3842326402664185,9.091069221496582,11.928000450134277,13.16368293762207,313.9508056640625,824.560791015625,-68.8208566,-32.9369566
1751064935633353700,674.7923537597657,2.5633649826049805,1.556309700012207,8.819477081298828,11.918000221252441,13.435358047485352,314.0089111328125,825.126708984375,-68.8209602,-32.9368649
1751064936633353700,675.7923537597657,2.494473457336426,1.5384732484817505,8.987346649169922,11.913000106811523,13.991819381713867,314.5216064453125,825.4241943359375,-68.8210689,-32.9367682
1751064937633353700,676.7923537597657,2.43143892288208,1.5384732484817505,9.231565475463867,11.951000213623047,14.146615982055664,314.77935791015625,825.5584716796875,-68.821183,-32.9366663
1751064938633353700,677.7923537597657,2.373396396636963,1.5877656936645508,9.776021957397461,12.083999633789062,14.203582763671875,314.9034423828125,825.1126708984375,-68.8212932,-32.9365684
1751064939633353700,678.7923537597657,2.3395979404449463,1.4806079864501953,9.754653930664062,12.194000244140625,13.932798385620117,314.9874572753906,825.5291748046875,-68.8213952,-32.9364715
1751064940633353700,679.7923537597657,2.310692071914673,1.6643617153167725,9.726495742797852,12.371000289916992,13.960204124450684,315.00140380859375,825.634033203125,-68.821504,-32.9363776
1751064941633353700,680.7923537597657,2.2932980060577393,1.6058019399642944,9.985413551330566,12.560999870300293,13.85826301574707,315.01446533203125,826.083984375,-68.8216098,-32.9362846
1751064942633353700,681.7923537597657,2.272847890853882,1.5608010292053223,9.6358060836792,12.701000213623047,13.732382774353027,315.5126647949219,824.3299560546875,-68.8217149,-32.9361927
1751064943633353700,682.7923537597657,3.1746816635131836,1.2949516773223877,9.714883804321289,12.829999923706055,13.464472770690918,315.2093505859375,823.382568359375,-68.8218267,-32.9361071
1751064944633353700,683.7923537597657,3.201904535293579,1.1903780698776245,10.277077674865723,12.90999984741211,13.307872772216797,315.0727233886719,825.345458984375,-68.8219293,-32.9360288
1751064945633353700,684.7923537597657,3.1944215297698975,1.1381124258041382,9.691556930541992,12.956999778747559,13.191883087158203,315.0011291503906,824.204833984375,-68.8220307,-32.9359439
1751064946633353700,685.7923537597657,3.222938060760498,1.1660617589950562,9.868082046508789,12.956999778747559,12.550396919250488,314.999755859375,820.320556640625,-68.822132,-32.9358631
1751064947633353700,686.7923537597657,3.200378894805908,1.21016526222229,10.064868927001953,12.949000358581543,12.864572525024414,314.9994201660156,817.697021484375,-68.8222336,-32.9357874
1751064948633353700,687.7923537597657,3.111258029937744,1.202081561088562,9.845657348632812,12.920999526977539,13.155106544494629,314.9994201660156,816.6129150390625,-68.8223396,-32.9357076
1751064949633353700,688.7923537597657,3.173156261444092,1.4988328218460083,9.910896301269531,12.88700008392334,13.169437408447266,314.0223083496094,817.54931640625,-68.822447,-32.9356334
1751064950633353700,689.7923537597657,3.248466968536377,1.6776471138000488,9.952774047851562,12.87399959564209,13.082320213317871,313.99896240234375,817.6685791015625,-68.8225503,-32.9355595
1751064951633353700,690.7923537597657,3.116107940673828,1.148085355758667,10.125892639160156,12.869000434875488,14.408103942871094,314.000732421875,816.762939453125,-68.8226597,-32.9354736
1751064952633353700,691.7923537597657,3.022998094558716,1.0547511577606201,10.29639720916748,12.835000038146973,15.316107749938965,314.00030517578125,814.486083984375,-68.8227789,-32.9353798
1751064953633353700,692.7923537597657,3.0847830772399902,1.4202111959457397,10.462178230285645,12.803000450134277,15.652337074279785,314.00048828125,816.4248046875,-68.8229089,-32.9352738
1751064954633353700,693.7923537597657,3.1501102447509766,1.7048753499984741,10.419716835021973,12.871000289916992,15.824274063110352,313.0297546386719,807.53271484375,-68.8230385,-32.9351797
1751064955633353700,694.7923537597657,3.1325178146362305,1.3857128620147705,10.311151504516602,12.942000389099121,15.448267936706543,312.9983825683594,812.109619140625,-68.8231636,-32.9350925
1751064956633353700,695.7923537597657,3.194413423538208,1.7000000476837158,10.040169715881348,13.032999992370605,15.342950820922852,312.9986877441406,808.981689453125,-68.8232818,-32.9350066
1751064957633353700,696.7923537597657,3.2587199211120605,1.8885444402694702,9.647126197814941,13.208000183105469,15.339373588562012,312.9972229003906,808.991943359375,-68.8234015,-32.9349273
1751064958633353700,697.7923537597657,3.267080068588257,1.8607794046401978,9.495306015014648,13.47599983215332,15.33931827545166,312.998291015625,809.2325439453125,-68.8235193,-32.9348428
1751064959633353700,698.7923537597657,3.3463735580444336,2.0189602375030518,9.154722213745117,13.805000305175781,15.281682968139648,313.0014343261719,810.348388671875,-68.8236298,-32.93475
1751064960633353700,699.7923537597657,3.5280516147613525,2.0974507331848145,8.901155471801758,14.107999801635742,14.088386535644531,312.9867248535156,816.810546875,-68.8237266,-32.9346898
1751064961633353700,700.7923537597657,3.5425784587860107,2.1505813598632812,9.26555061340332,14.52299976348877,13.888520240783691,313.9695129394531,819.9190673828125,-68.8238085,-32.9345844
1751064962633353700,701.7923537597657,3.5352237224578857,2.2010905742645264,9.4307279586792,14.934000015258789,13.986296653747559,314.01025390625,815.06396484375,-68.8239046,-32.9344763
1751064963633353700,702.7923537597657,2.55328369140625,2.4291563034057617,9.539085388183594,15.593999862670898,14.797094345092773,315.91363525390625,821.138427734375,-68.824001,-32.9343616
1751064964633353700,703.7923537597657,2.541167736053467,2.2801096439361572,9.186107635498047,15.84000015258789,15.068819999694824,315.04364013671875,822.195068359375,-68.8241181,-32.9342535
1751064965633353700,704.7923537597657,2.5959792137145996,2.232577085494995,8.765382766723633,15.95300006866455,14.140085220336914,315.0025329589844,822.476318359375,-68.8242157,-32.93417
1751064966633353700,705.7923537597657,2.534592390060425,2.1946299076080322,8.474159240722656,16.01300048828125,14.369874000549316,314.99853515625,824.78076171875,-68.8243263,-32.9340819
1751064967633353700,706.7923537597657,2.561570644378662,2.270594596862793,7.948215961456299,15.909000396728516,14.859374046325684,315.96148681640625,826.657470703125,-68.8244411,-32.9339621
1751064968633353700,707.7923537597657,2.583308696746826,2.299152135848999,7.758791446685791,15.71500015258789,13.711490631103516,315.0491027832031,827.496337890625,-68.8245274,-32.9338818
1751064969633353700,708.7923537597657,2.665586233139038,2.3277456760406494,8.086840629577637,15.315999984741211,12.626513481140137,315.0006408691406,828.8270263671875,-68.8245962,-32.933828
1751064970633353700,709.7923537597657,2.685636043548584,2.410062313079834,7.526711463928223,15.217000007629395,11.853202819824219,315.0003356933594,829.20458984375,-68.8246543,-32.9337786
1751064971633353700,710.7923537597657,2.6356608867645264,2.15675687789917,7.701001167297363,15.12600040435791,10.526816368103027,314.99273681640625,830.246337890625,-68.8247021,-32.9337533
1751064972633353700,711.7923537597657,2.6817362308502197,2.0718350410461426,7.708443641662598,15.01099967956543,8.748344421386719,314.991943359375,830.60791015625,-68.8247135,-32.9337611
1751064973633353700,712.7923537597657,4.356261253356934,2.0692994594573975,7.705232620239258,14.92300033569336,5.721486568450928,314.9974670410156,835.0599365234375,-68.8247429,-32.9337397
1751064974633353700,713.7923537597657,4.501779079437256,1.4453372955322266,7.724852561950684,14.782999992370605,6.847908020019531,314.9951171875,833.677978515625,-68.8248111,-32.9336992
1751064975633353700,714.7923537597657,4.3220343589782715,1.2382245063781738,7.838626861572266,14.48900032043457,7.863743782043457,314.9987487792969,835.65625,-68.8248856,-32.933647
1751064976633353700,715.7923537597657,4.405685901641846,1.2949516773223877,7.669602394104004,14.218999862670898,7.909680366516113,315.9827575683594,839.9239501953125,-68.8249675,-32.9335744
1751064977633353700,716.7923537597657,4.5686516761779785,1.2175796031951904,7.712468147277832,13.954000473022461,7.595700740814209,315.01458740234375,842.026123046875,-68.8250651,-32.9335082
1751064978633353700,717.7923537597657,4.810787200927734,1.3292479515075684,7.6685895919799805,13.694999694824219,7.212635517120361,314.99224853515625,844.221923828125,-68.8251327,-32.9334553
1751064979633353700,718.7923537597657,5.013790130615234,1.6368567943572998,7.887363910675049,13.491999626159668,6.970422267913818,314.52923583984375,846.8330078125,-68.8251964,-32.933402
1751064980633353700,719.7923537597657,5.0758843421936035,1.8461852073669434,8.02211856842041,13.428999900817871,6.720724105834961,314.3401794433594,849.5089111328125,-68.8252448,-32.9333555
1751064981633353700,720.7923537597657,5.288290023803711,1.768756628036499,8.220793724060059,13.48900032043457,6.308126449584961,314.1766357421875,852.4666748046875,-68.8252894,-32.9333167
1751064982633353700,721.7923537597657,5.5789008140563965,1.5697451829910278,8.155364990234375,13.555000305175781,6.066850662231445,314.1158752441406,853.1072998046875,-68.8253364,-32.9332727
1751064983633353700,722.7923537597657,5.649929523468018,1.777920126914978,7.946727275848389,13.673999786376953,5.880010604858398,314.02081298828125,857.1649169921875,-68.8253862,-32.9332353
1751064984633353700,723.7923537597657,5.686930179595947,1.9201041460037231,7.878963470458984,13.842000007629395,5.635060787200928,313.36981201171875,859.1689453125,-68.8254433,-32.9332079
1751064985633353700,724.7923537597657,5.924985885620117,1.2593649625778198,7.710272789001465,13.847000122070312,4.817899703979492,312.8492431640625,849.967529296875,-68.8254867,-32.9331965
1751064987633353700,726.7923537597657,6.079613208770752,1.8185983896255493,7.397702693939209,13.647000312805176,4.511134624481201,313.223388671875,833.9267578125,-68.8255485,-32.9331383
1751064988633353700,727.7923537597657,5.927727222442627,1.9722322225570679,2.6587066650390625,13.538000106811523,4.704697608947754,313.8609619140625,828.7000122070312,-68.8255821,-32.9330858
1751064989633353700,728.7923537597657,6.580954551696777,1.962906002998352,2.6687066555023193,13.378999710083008,4.348189830780029,313.9012145996094,828.7000122070312,-68.8256085,-32.9330618
1751064990633353700,729.7923537597657,6.621623992919922,1.9163768291473389,2.678706645965576,13.187999725341797,3.9721217155456543,313.2672424316406,828.7000122070312,-68.8256394,-32.9330459
1751064991633353700,730.7923537597657,7.020007133483887,1.9349677562713623,2.688706874847412,13.10099983215332,3.5771844387054443,313.77825927734375,828.7000122070312,-68.8256504,-32.9330215
1751064992633353700,731.7923537597657,7.124417304992676,1.212023138999939,2.698706865310669,12.913000106811523,3.5502853393554688,313.9730529785156,828.7000122070312,-68.8256724,-32.932999
1751064993633353700,732.7923537597657,3.7605936527252197,1.6783920526504517,1.394455909729004,12.727999687194824,3.7594611644744873,313.45880126953125,828.7999877929688,-68.8257051,-32.9329871
1751064994633353700,733.7923537597657,3.852907657623291,1.8069311380386353,1.4044559001922607,12.553000450134277,3.6032350063323975,312.5718078613281,828.7999877929688,-68.8257365,-32.9329761
1751064995633353700,734.7923537597657,3.9212124347686768,1.5115885734558105,1.4144558906555176,12.383999824523926,3.5627260208129883,312.1277160644531,828.7999877929688,-68.8257695,-32.9329605
1751064996633353700,735.7923537597657,3.9825727939605713,1.669281244277954,1.4244558811187744,12.156999588012695,3.3384408950805664,312.4065246582031,828.7999877929688,-68.8257931,-32.9329458
1751064997633353700,736.7923537597657,4.027723789215088,1.2149074077606201,1.4344559907913208,11.864999771118164,2.9202656745910645,312.63690185546875,828.7999877929688,-68.8258087,-32.9329343
1751064998633353700,737.7923537597657,4.1259026527404785,1.4983323812484741,1.5560293197631836,11.635000228881836,2.692866802215576,312.71270751953125,828.7999877929688,-68.825825,-32.9329206
1751064999633353700,738.7923537597657,4.241350173950195,1.5877656936645508,1.56602942943573,11.380999565124512,2.353516101837158,312.1065979003906,828.7999877929688,-68.8258414,-32.9329061
1751065000633353700,739.7923537597657,4.358032703399658,1.6329420804977417,1.5760294198989868,11.128999710083008,1.947102427482605,312.2087707519531,828.7999877929688,-68.8258549,-32.9328959
1751065001633353700,740.7923537597657,45,1.2519584894180298,1.5860294103622437,10.871999740600586,1.9334250688552856,312.1343078613281,828.7999877929688,-68.825866,-32.9328896
1751065002633353700,741.7923537597657,4.614683151245117,1.4937536716461182,1.5960294008255005,10.6899995803833,0.8799558281898499,309.7317199707031,828.7999877929688,-68.8258727,-32.932887
1751065003633353700,742.7923537597657,45,1.7240939140319824,2.394029140472412,10.600000381469727,0.8756508827209473,309.4325256347656,828.7999877929688,-68.8258798,-32.9328846
1751065004633353700,743.7923537597657,4.886779308319092,1.3122880458831787,2.404029130935669,10.581999778747559,0.46250078082084656,309.2890930175781,828.7999877929688,-68.8258836,-32.9328819
1751065005633353700,744.7923537597657,5.026806831359863,1.329699158668518,2.414029121398926,10.598999977111816,0.32162973284721375,310.7016296386719,828.7999877929688,-68.8258857,-32.9328783
1751065007633353700,746.7923537597657,45,0.3330165147781372,2.4340291023254395,10.670999526977539,0.2765641510486603,312.94659423828125,828.7999877929688,-68.8258873,-32.9328702
1751065008633353700,747.7923537597657,45,0.4134005308151245,4.391676902770996,10.72599983215332,0.2725335359573364,314.4030456542969,827.7999877929688,-68.825887,-32.9328678
1751065009633353700,748.7923537597657,45,0.30016660690307617,4.401676654815674,10.786999702453613,0.2620008587837219,314.73486328125,827.7999877929688,-68.8258874,-32.9328672
1751065010633353700,749.7923537597657,45,0.3405877351760864,4.41167688369751,10.836999893188477,0.25053542852401733,315.6391296386719,827.7999877929688,-68.8258878,-32.9328662
1751065011633353700,750.7923537597657,45,0.2420743703842163,4.4216766357421875,10.86299991607666,0.22988300025463104,314.9173278808594,827.7999877929688,-68.8258882,-32.9328663
1751065012633353700,751.7923537597657,45,0.35608989000320435,4.431676864624023,10.878000259399414,0.2003350555896759,314.04931640625,827.7999877929688,-68.825888,-32.9328669
1751065013633353700,752.7923537597657,45,0.2745906114578247,2.411252975463867,10.89900016784668,0.15258532762527466,307.6266174316406,828.7999877929688,-68.8258873,-32.9328693
1751065014633353700,753.7923537597657,45,0.23600848019123077,2.421252965927124,10.913000106811523,0.11090800911188126,292.7030944824219,828.7999877929688,-68.825887,-32.9328722
1751065015633353700,754.7923537597657,0,0.2884441018104553,2.431252956390381,10.913999557495117,0.06683841347694397,0,828.7999877929688,-68.8258849,-32.932876
1751065016633353700,755.7923537597657,0,0.37483328580856323,2.4412529468536377,10.91100025177002,0.07298793643712997,0,828.7999877929688,-68.8258842,-32.9328788
1751065017633353700,756.7923537597657,0,0.3538361191749573,2.4512529373168945,10.904000282287598,0.07570118457078934,0,828.7999877929688,-68.8258849,-32.9328794
1751065018633353700,757.7923537597657,0,0.3471311032772064,2.94912052154541,10.901000022888184,0.06563006341457367,0,828.7999877929688,-68.8258854,-32.932879
1751065019633353700,758.7923537597657,0,0.25495097041130066,2.959120512008667,10.894000053405762,0.04923977330327034,0,828.7999877929688,-68.8258848,-32.9328789
1751065020633353700,759.7923537597657,0,0.25495097041130066,2.969120502471924,10.843999862670898,0.04273660480976105,0,828.7999877929688,-68.8258834,-32.9328796
1751065021633353700,760.7923537597657,0,0.25495097041130066,2.9791204929351807,10.772000312805176,0.07930196821689606,0,828.7999877929688,-68.8258807,-32.9328822
1751065022633353700,761.7923537597657,45,0.2140093445777893,2.9891204833984375,10.6850004196167,0.11208337545394897,153.02760314941406,828.7999877929688,-68.8258784,-32.9328844
1751065023633353700,762.7923537597657,45,0.2408318966627121,3.1765663623809814,10.555000305175781,0.12288115918636322,148.6013641357422,828.7999877929688,-68.8258769,-32.9328857
1751065024633353700,763.7923537597657,45,0.23345234990119934,3.1865663528442383,10.395000457763672,0.1230158656835556,146.2098846435547,828.7999877929688,-68.8258759,-32.9328864
1751065025633353700,764.7923537597657,45,0.25495097041130066,3.196566343307495,10.23900032043457,0.11719821393489838,144.6438446044922,828.7999877929688,-68.8258752,-32.9328869
1751065026633353700,765.7923537597657,0,0.2690724730491638,3.206566333770752,10.12600040435791,0.09852533042430878,0,828.7999877929688,-68.8258751,-32.9328867
1751065027633353700,766.7923537597657,0,0.31906113028526306,3.216566562652588,10.034000396728516,0.08593922108411789,0,828.7999877929688,-68.8258752,-32.9328869
1751065028633353700,767.7923537597657,0,0.5185557007789612,3.4978179931640625,9.961999893188477,0.061020176857709885,0,828.7999877929688,-68.8258755,-32.9328861
1751065029633353700,768.7923537597657,0,0.602162778377533,3.5078179836273193,9.9350004196167,0.040453750640153885,0,828.7999877929688,-68.8258758,-32.9328853
1751065030633353700,769.7923537597657,0,0.7990619540214539,3.517817974090576,9.9350004196167,0.01679258979856968,0,828.7999877929688,-68.8258764,-32.9328838
1751065031633353700,770.7923537597657,4.230790138244629,0.990202009677887,3.527817964553833,9.961000442504883,4.258981704711914,315.0386047363281,828.7999877929688,-68.8259244,-32.9328423
1751065032633353700,771.7923537597657,3.4570088386535645,1.140394687652588,3.53781795501709,10.069999694824219,5.091274261474609,314.45806884765625,828.7999877929688,-68.8259739,-32.9327982
1751065034633353700,773.7923537597657,2.3679416179656982,1.1871393918991089,3.151764392852783,10.357999801635742,6.422317981719971,313.3915710449219,827.7999877929688,-68.8260737,-32.9327033
1751065035633353700,774.7923537597657,2.134127378463745,1.3842326402664185,3.16176438331604,10.524999618530273,6.8154120445251465,312.7706298828125,827.7999877929688,-68.8261272,-32.9326564
1751065036633353700,775.7923537597657,2.125220775604248,1.5518375635147095,3.171764373779297,10.715999603271484,7.246959209442139,312.04388427734375,827.7999877929688,-68.8261904,-32.9326056
1751065037633353700,776.7923537597657,1.6689656972885132,1.156762719154358,3.1817643642425537,10.86299991607666,8.35716438293457,311.5596923828125,827.7999877929688,-68.8262676,-32.9325478
1751065038633353700,777.7923537597657,1.6444014310836792,1.3497036695480347,3.1917643547058105,10.939000129699707,8.848782539367676,311.88214111328125,827.7999877929688,-68.826354,-32.9324822
1751065039633353700,778.7923537597657,1.6447668075561523,1.2564234733581543,3.2017643451690674,11.005000114440918,8.938427925109863,312.5413818359375,827.7999877929688,-68.8264398,-32.9324152
1751065040633353700,779.7923537597657,1.6640526056289673,1.5029637813568115,3.211764335632324,11.074999809265137,9.198391914367676,313.2806396484375,827.7999877929688,-68.8265269,-32.9323463
1751065041633353700,780.7923537597657,3.144831895828247,1.5430489778518677,3.221764326095581,11.145999908447266,9.813261985778809,313.72332763671875,827.7999877929688,-68.8266067,-32.9322683
1751065042633353700,781.7923537597657,3.091247081756592,1.7048753499984741,3.231764316558838,11.23799991607666,10.624290466308594,313.9961242675781,827.7999877929688,-68.8266932,-32.9321754
1751065043633353700,782.7923537597657,3.094881296157837,1.7545369863510132,3.2417643070220947,11.388999938964844,11.13099193572998,314.5612487792969,827.7999877929688,-68.826781,-32.9320794
1751065044633353700,783.7923537597657,3.043339729309082,1.494121789932251,3.2517642974853516,11.513999938964844,11.128921508789062,314.7869873046875,827.7999877929688,-68.826876,-32.9320008
1751065045633353700,784.7923537597657,2.879209518432617,0.9436630606651306,3.2617642879486084,11.569000244140625,10.038773536682129,314.1644287109375,827.7999877929688,-68.8269614,-32.9319529
1751065046633353700,785.7923537597657,3.082331657409668,1.0511897802352905,3.2717642784118652,11.583999633789062,9.05294132232666,313.9945068359375,827.7999877929688,-68.8270395,-32.9319033
1751065047633353700,786.7923537597657,3.186631679534912,1.4252368211746216,3.281764268875122,11.592000007629395,8.246908187866211,313.8972473144531,827.7999877929688,-68.8271085,-32.9318581
1751065048633353700,787.7923537597657,4.453059673309326,1.592105507850647,3.291764259338379,11.574000358581543,7.368161678314209,313.8280029296875,827.7999877929688,-68.8271714,-32.931814
1751065049633353700,788.7923537597657,7.15015172958374,3.7745065689086914,3.3017642498016357,11.53600025177002,6.973327159881592,313.6869812011719,827.7999877929688,-68.8272252,-32.9317802
1751065050633353700,789.7923537597657,9.874845504760742,10.893599510192871,3.3117642402648926,12.645000457763672,6.846981525421143,313.533203125,827.7999877929688,-68.8272742,-32.9317481
1751065055633353700,794.7923537597657,2.1670169830322266,1.5877656936645508,3.3617641925811768,17.24799919128418,6.307643413543701,314.9306945800781,827.7999877929688,-68.8275139,-32.9315219
1751065056633353700,795.7923537597657,2.1750638484954834,1.7281203269958496,3.3717641830444336,15.734000205993652,6.5047831535339355,315.02081298828125,827.7999877929688,-68.827574,-32.9314632
1751065057633353700,796.7923537597657,2.1715312004089355,1.8569867610931396,3.3817641735076904,15.32800006866455,6.674492835998535,315.0584411621094,827.7999877929688,-68.8276316,-32.9314077
1751065058633353700,797.7923537597657,2.1529595851898193,1.8015549182891846,3.3917641639709473,14.998000144958496,7.124813079833984,314.9930419921875,827.7999877929688,-68.8277019,-32.9313542
1751065059633353700,798.7923537597657,3.3732829093933105,1.0640488862991333,3.401764392852783,14.598999977111816,8.066048622131348,314.24395751953125,827.7999877929688,-68.8277632,-32.9313295
1751065060633353700,799.7923537597657,2.954606533050537,0.983107328414917,3.41176438331604,14.217000007629395,9.120611190795898,314.0908203125,827.7999877929688,-68.8278486,-32.9312681
1751065061633353700,800.7923537597657,2.8848159313201904,0.8655633926391602,3.421764373779297,13.505999565124512,9.47350025177002,314.0184020996094,827.7999877929688,-68.8279299,-32.9312132
1751065062633353700,801.7923537597657,2.6704673767089844,1.0049875974655151,3.4317643642425537,12.904000282287598,9.6437349319458,314.02142333984375,827.7999877929688,-68.8280012,-32.9311508
1751065063633353700,802.7923537597657,2.5750784873962402,0.9475230574607849,3.4417643547058105,12.45300006866455,9.77715015411377,314.0010070800781,827.7999877929688,-68.8280788,-32.9310948
1751065064633353700,803.7923537597657,2.5653371810913086,0.8796589970588684,3.4517643451690674,12.034000396728516,9.875924110412598,314.0030517578125,827.7999877929688,-68.8281613,-32.9310276
1751065065633353700,804.7923537597657,2.6451547145843506,0.9078546166419983,3.461764335632324,11.770999908447266,9.700418472290039,313.9862060546875,827.7999877929688,-68.8282367,-32.930973
1751065066633353700,805.7923537597657,2.677797317504883,0.9759098291397095,3.471764326095581,11.604999542236328,9.476322174072266,313.3459167480469,827.7999877929688,-68.82831,-32.9309185
1751065067633353700,806.7923537597657,2.792684555053711,0.9343447089195251,3.481764316558838,11.501999855041504,9.198299407958984,313.1039123535156,827.7999877929688,-68.8283836,-32.9308604
1751065068633353700,807.7923537597657,2.754441261291504,0.8796589970588684,3.4917643070220947,11.387999534606934,8.977737426757812,313.0260314941406,827.7999877929688,-68.8284545,-32.9308008
1751065069633353700,808.7923537597657,2.8982386589050293,0.9900504946708679,3.5017642974853516,11.263999938964844,8.706430435180664,313.61566162109375,827.7999877929688,-68.8285247,-32.9307432
1751065070633353700,809.7923537597657,2.9279518127441406,0.977445662021637,3.5117642879486084,11.187000274658203,8.509450912475586,313.2054443359375,827.7999877929688,-68.8285912,-32.930692
1751065071633353700,810.7923537597657,2.968304395675659,1.0781465768814087,3.5217642784118652,11.133000373840332,8.400469779968262,313.069091796875,827.7999877929688,-68.8286555,-32.9306431
1751065072633353700,811.7923537597657,2.8824238777160645,0.9759098291397095,3.531764268875122,11.093999862670898,8.562029838562012,313.6971435546875,827.7999877929688,-68.8287298,-32.9305752
1751065073633353700,812.7923537597657,2.882868528366089,0.8324061632156372,3.541764259338379,11.057999610900879,8.600118637084961,313.9268493652344,827.7999877929688,-68.8288011,-32.9305066
1751065074633353700,813.7923537597657,2.9578185081481934,0.8861715197563171,3.5517642498016357,11.024999618530273,8.399229049682617,314.6619873046875,827.7999877929688,-68.828867,-32.930432
1751065075633353700,814.7923537597657,3.154780387878418,0.8605231046676636,3.5617642402648926,11.027999877929688,8.130971908569336,314.8911437988281,827.7999877929688,-68.8289291,-32.9303771
1751065076633353700,815.7923537597657,3.107517957687378,0.9121951460838318,3.5717642307281494,11.03600025177002,7.913967609405518,314.9616394042969,827.7999877929688,-68.8289884,-32.9303273
1751065077633353700,816.7923537597657,2.999687910079956,0.9265527725219727,3.5817642211914062,11.027999877929688,7.885019302368164,314.9837951660156,827.7999877929688,-68.8290488,-32.9302783
1751065078633353700,817.7923537597657,3.0285913944244385,0.9924716353416443,3.591764211654663,11.038999557495117,7.798033237457275,314.3545227050781,827.7999877929688,-68.8291088,-32.930233
1751065079633353700,818.7923537597657,3.0958127975463867,0.9475230574607849,3.60176420211792,11.050999641418457,7.7470245361328125,314.1124572753906,827.7999877929688,-68.8291714,-32.9301865
1751065080633353700,819.7923537597657,3.1736245155334473,1.2370933294296265,3.6117641925811768,11.093000411987305,7.738851070404053,314.0491638183594,827.7999877929688,-68.8292333,-32.930137
1751065081633353700,820.7923537597657,3.1312811374664307,0.9700000286102295,3.6217641830444336,11.10099983215332,7.828802585601807,314.01593017578125,827.7999877929688,-68.8293,-32.9300842
1751065082633353700,821.7923537597657,3.2341644763946533,0.8841379880905151,3.6317641735076904,11.095000267028809,7.810215950012207,313.99871826171875,827.7999877929688,-68.8293638,-32.9300353
1751065083633353700,822.7923537597657,3.347384452819824,1.1560276746749878,3.6417641639709473,11.10200023651123,8.041954040527344,314.0000305175781,827.7999877929688,-68.8294277,-32.9299894
1751065084633353700,823.7923537597657,3.2258334159851074,1.2870121002197266,3.651764392852783,11.116999626159668,8.494579315185547,314.0119934082031,827.7999877929688,-68.8294924,-32.9299423
1751065085633353700,824.7923537597657,3.0257599353790283,1.0089598894119263,3.66176438331604,11.156999588012695,9.172080039978027,314.03045654296875,827.7999877929688,-68.8295585,-32.9298865
1751065086633353700,825.7923537597657,2.8860023021698,0.9915643930435181,3.671764373779297,11.166000366210938,9.744009017944336,314.0360107421875,827.7999877929688,-68.8296321,-32.9298228
1751065087633353700,826.7923537597657,2.7501237392425537,0.9915643930435181,3.6817643642425537,11.175000190734863,10.218782424926758,314.0342712402344,827.7999877929688,-68.8297118,-32.9297544
1751065088633353700,827.7923537597657,2.679009199142456,0.9642613530158997,3.6917643547058105,11.204000473022461,10.573908805847168,313.39019775390625,827.7999877929688,-68.8297944,-32.9296874
1751065089633353700,828.7923537597657,2.470428466796875,0.9350935816764832,3.7017643451690674,11.222000122070312,11.072807312011719,313.81781005859375,827.7999877929688,-68.829881,-32.9296077
1751065090633353700,829.7923537597657,2.4921462535858154,0.9284933805465698,3.711764335632324,11.220999717712402,11.16805648803711,313.9465637207031,827.7999877929688,-68.8299641,-32.9295349
1751065091633353700,830.7923537597657,2.3844337463378906,1.027277946472168,3.721764326095581,11.234000205993652,11.228605270385742,313.3753356933594,827.7999877929688,-68.8300509,-32.9294631
1751065092633353700,831.7923537597657,2.2470691204071045,0.977445662021637,3.731764316558838,11.244000434875488,11.468758583068848,313.7896728515625,827.7999877929688,-68.8301423,-32.9293861
1751065093633353700,832.7923537597657,2.297804594039917,0.9633275866508484,3.7417643070220947,11.269000053405762,11.44371223449707,313.28326416015625,827.7999877929688,-68.8302338,-32.9293125
1751065094633353700,833.7923537597657,2.3367528915405273,0.9915643930435181,3.7517642974853516,11.295999526977539,11.35935115814209,313.1033935546875,827.7999877929688,-68.8303218,-32.9292416
1751065095633353700,834.7923537597657,2.362592935562134,1.0489041805267334,3.7617642879486084,11.345000267028809,11.292482376098633,313.0395812988281,827.7999877929688,-68.8304087,-32.9291715
1751065096633353700,835.7923537597657,2.334622621536255,1.007670521736145,3.7717642784118652,11.416000366210938,11.291531562805176,313.64349365234375,827.7999877929688,-68.8304977,-32.9291008
1751065097633353700,836.7923537597657,2.3572421073913574,0.9908581972122192,3.781764268875122,11.461000442504883,11.372506141662598,313.23828125,827.7999877929688,-68.8305895,-32.9290296
1751065098633353700,837.7923537597657,2.3684706687927246,1.0282509326934814,3.791764259338379,11.498000144958496,11.47163200378418,313.71209716796875,827.7999877929688,-68.8306821,-32.9289544
1751065099633353700,838.7923537597657,2.3054935932159424,0.9577577710151672,3.8017642498016357,11.51200008392334,11.65451431274414,313.9124450683594,827.7999877929688,-68.8307749,-32.9288735
1751065100633353700,839.7923537597657,2.217766761779785,1.0000499486923218,3.8117642402648926,11.505999565124512,11.626623153686523,313.9696350097656,827.7999877929688,-68.8308633,-32.9287998
1751065101633353700,840.7923537597657,2.104429244995117,0.9885848760604858,3.8217642307281494,11.489999771118164,11.720663070678711,313.99932861328125,827.7999877929688,-68.8309561,-32.9287191
1751065102633353700,841.7923537597657,2.1408419609069824,0.9780081510543823,3.8317642211914062,11.46500015258789,11.591073989868164,313.9996643066406,827.7999877929688,-68.8310416,-32.9286473
1751065103633353700,842.7923537597657,2.157050371170044,0.9761659502983093,3.841764211654663,11.439000129699707,11.47513484954834,314.0033874511719,827.7999877929688,-68.831127,-32.9285731
1751065104633353700,843.7923537597657,2.097666025161743,0.9219544529914856,3.85176420211792,11.437999725341797,11.541043281555176,314.67156982421875,827.7999877929688,-68.8312202,-32.92849
1751065105633353700,844.7923537597657,2.1060171127319336,0.9411163330078125,3.8617641925811768,11.461999893188477,11.483078002929688,314.8878173828125,827.7999877929688,-68.8313087,-32.9284133
1751065106633353700,845.7923537597657,2.148371934890747,0.9700000286102295,3.8717641830444336,11.53600025177002,11.278911590576172,314.30865478515625,827.7999877929688,-68.8313927,-32.9283509
1751065107633353700,846.7923537597657,2.2634317874908447,1.2509995698928833,3.8817641735076904,11.618000030517578,11.174051284790039,314.1497497558594,827.7999877929688,-68.831478,-32.9282759
1751065108633353700,847.7923537597657,2.2169113159179688,1.0705605745315552,3.8917641639709473,11.711000442504883,11.144567489624023,314.7090148925781,827.7999877929688,-68.8315622,-32.928191
1751065109633353700,848.7923537597657,2.2663166522979736,1.0499523878097534,3.901764392852783,11.821000099182129,11.063575744628906,314.9062805175781,827.7999877929688,-68.8316452,-32.9281118
1751065110633353700,849.7923537597657,2.2147724628448486,0.978365957736969,3.91176438331604,11.904999732971191,11.05642318725586,314.9774169921875,827.7999877929688,-68.8317283,-32.9280354
1751065111633353700,850.7923537597657,2.164600372314453,0.9372299313545227,3.921764373779297,11.987000465393066,11.13938045501709,314.9986572265625,827.7999877929688,-68.8318139,-32.9279589
1751065112633353700,851.7923537597657,2.2166271209716797,1.3017295598983765,3.9317643642425537,12.04699993133545,11.041240692138672,314.99395751953125,827.7999877929688,-68.831898,-32.9278912
1751065113633353700,852.7923537597657,2.2912237644195557,1.507647156715393,3.9417643547058105,12.152000427246094,10.956915855407715,314.97296142578125,827.7999877929688,-68.8319835,-32.9278284
1751065114633353700,853.7923537597657,2.3544023036956787,1.4462710618972778,3.9517643451690674,12.291999816894531,10.690991401672363,314.9727783203125,827.7999877929688,-68.8320701,-32.9277601
1751065115633353700,854.7923537597657,2.5066795349121094,1.4288806915283203,3.961764335632324,12.428999900817871,10.239693641662598,314.43212890625,827.7999877929688,-68.8321541,-32.9276951
1751065116633353700,855.7923537597657,2.5192527770996094,1.4549914598464966,3.971764326095581,12.581000328063965,9.795321464538574,314.1781311035156,827.7999877929688,-68.8322326,-32.9276341
1751065117633353700,856.7923537597657,2.7490882873535156,1.1166467666625977,3.981764316558838,12.652000427246094,9.21890640258789,314.03863525390625,827.7999877929688,-68.832302,-32.9275807
1751065118633353700,857.7923537597657,2.7062535285949707,0.9718539118766785,3.9917643070220947,12.675999641418457,9.01895523071289,313.9974060058594,827.7999877929688,-68.8323702,-32.92753
1751065119633353700,858.7923537597657,2.770104169845581,1.2288612127304077,4.001764297485352,12.557999610900879,8.966096878051758,313.4378967285156,827.7999877929688,-68.832439,-32.9274802
1751065120633353700,859.7923537597657,2.82427978515625,1.3377593755722046,4.011764049530029,12.37399959564209,8.974013328552246,313.7222595214844,827.7999877929688,-68.8325115,-32.9274263
1751065121633353700,860.7923537597657,2.893972396850586,1.3892444372177124,4.021764278411865,12.232999801635742,8.817561149597168,313.857177734375,827.7999877929688,-68.8325824,-32.9273686
1751065122633353700,861.7923537597657,3.1356751918792725,1.007670521736145,4.031764507293701,12.104000091552734,8.295950889587402,313.94915771484375,827.7999877929688,-68.8326459,-32.9273108
1751065123633353700,862.7923537597657,3.2527968883514404,0.9265527725219727,4.041764259338379,12.038000106811523,7.737555980682373,313.9707336425781,827.7999877929688,-68.8327035,-32.9272595
1751065124633353700,863.7923537597657,3.2246010303497314,1.1985408067703247,7.811206340789795,11.994000434875488,7.234651565551758,313.94281005859375,832.4462890625,-68.8327627,-32.927213
1751065125633353700,864.7923537597657,3.396709442138672,1.3122880458831787,7.870306968688965,12.029000282287598,6.606244087219238,313.9228210449219,833.507080078125,-68.8328122,-32.9271708
1751065126633353700,865.7923537597657,3.830312490463257,0.8919641375541687,8.121207237243652,12.055999755859375,5.769699573516846,313.9367980957031,832.591064453125,-68.8328572,-32.9271339
1751065127633353700,866.7923537597657,4.143493175506592,0.983514130115509,8.15588092803955,12.036999702453613,5.257813930511475,313.9349670410156,832.88720703125,-68.8328972,-32.9271017
1751065128633353700,867.7923537597657,4.3659467697143555,1.2124768495559692,7.851613998413086,11.99899959564209,4.7715253829956055,313.30792236328125,832.325439453125,-68.8329325,-32.9270769
1751065130633353700,869.7923537597657,5.757923126220703,1.0089598894119263,7.077628135681152,11.878999710083008,3.532426595687866,312.8655090332031,833.069091796875,-68.832987,-32.9270337
1751065132633353700,871.7923537597657,6.135763645172119,1.4988328218460083,6.938467025756836,11.802000045776367,2.9222545623779297,312.7369384765625,830.3153076171875,-68.8330393,-32.9269922
1751065133633353700,872.7923537597657,6.766874313354492,1.0499523878097534,6.797240734100342,11.746000289916992,2.1351351737976074,312.52239990234375,828.91162109375,-68.8330593,-32.9269815
1751065134633353700,873.7923537597657,8.30693244934082,1.065269947052002,6.548105716705322,11.692999839782715,1.5134774446487427,312.4012756347656,830.56396484375,-68.8330719,-32.9269675
1751065135633353700,874.7923537597657,9.335355758666992,0.9687620997428894,6.2416911125183105,11.640999794006348,0.9539722800254822,312.1974182128906,831.86865234375,-68.8330803,-32.9269586
1751065136633353700,875.7923537597657,9.814791679382324,1.3176493644714355,15.004443168640137,11.597999572753906,0.7061780691146851,312.1346435546875,820.8999633789062,-68.8330853,-32.9269493
1751065137633353700,876.7923537597657,13.105886459350586,1.4288806915283203,15.014443397521973,11.571999549865723,0.46029773354530334,311.6609802246094,820.8999633789062,-68.8330896,-32.9269451
1751065138633353700,877.7923537597657,7.236553192138672,0.9626006484031677,15.024443626403809,11.501999855041504,0.37537410855293274,312.561767578125,820.8999633789062,-68.8330924,-32.9269385
1751065139633353700,878.7923537597657,9.622669219970703,1.3292479515075684,15.034443855285645,11.482000350952148,0.5951632857322693,313.3978576660156,820.8999633789062,-68.8330935,-32.9269373
1751065140633353700,879.7923537597657,8.667095184326172,1.0682696104049683,15.04444408416748,11.460000038146973,0.7823097109794617,313.42864990234375,820.8999633789062,-68.8330977,-32.9269302
1751065141633353700,880.7923537597657,8.897355079650879,1.3411189317703247,30.593605041503906,11.47599983215332,0.7971449494361877,313.3411560058594,825,-68.833102,-32.9269226
1751065142633353700,881.7923537597657,7.658371925354004,1.0198038816452026,30.603605270385742,11.484999656677246,0.750963032245636,313.0918273925781,825,-68.8331066,-32.9269178
1751065143633353700,882.7923537597657,7.676886081695557,0.5830951929092407,30.613605499267578,11.529999732971191,0.5627041459083557,312.9383850097656,825,-68.8331094,-32.9269106
1751065144633353700,883.7923537597657,7.741613864898682,0.3301514685153961,30.623605728149414,11.571999549865723,0.2798398733139038,312.7941589355469,825,-68.8331102,-32.9269061
1751065145633353700,884.7923537597657,45,0.6132699251174927,30.63360595703125,11.605999946594238,0.27960142493247986,312.84161376953125,825,-68.8331097,-32.9269043
1751065146633353700,885.7923537597657,45,0.6777905225753784,30.643604278564453,11.666999816894531,0.276201993227005,313.1573181152344,825,-68.8331095,-32.9269033
1751065147633353700,886.7923537597657,45,0.5024937987327576,30.65360450744629,11.690999984741211,0.26724421977996826,313.6023864746094,825,-68.8331092,-32.9269028
1751065148633353700,887.7923537597657,45,0.5693856477737427,30.663604736328125,11.730999946594238,0.29813629388809204,311.2222900390625,825,-68.8331171,-32.9268992
1751065149633353700,888.7923537597657,8.013553619384766,0.7117583751678467,30.67360496520996,11.725000381469727,0.2379239797592163,313.2004699707031,825,-68.8331245,-32.9268971
1751065150633353700,889.7923537597657,45,0.3301514685153961,30.683605194091797,11.697999954223633,0.2390192598104477,313.0029296875,825,-68.8331281,-32.9268955
1751065151633353700,890.7923537597657,8.099626541137695,0.7300685048103333,30.693605422973633,11.645999908447266,0.2060661017894745,312.4653625488281,825,-68.8331333,-32.9268971
1751065152633353700,891.7923537597657,8.151878356933594,0.7209022045135498,30.70360565185547,11.607999801635742,0.20759741961956024,312.48638916015625,825,-68.8331342,-32.9269092
1751065153633353700,892.7923537597657,8.21049976348877,0.6754257678985596,30.713605880737305,11.656999588012695,0.2088446170091629,312.76971435546875,825,-68.8331344,-32.9269151
1751065154633353700,893.7923537597657,45,0.612943708896637,30.72360610961914,11.748000144958496,0.20693282783031464,312.46551513671875,825,-68.8331346,-32.9269184
1751065155633353700,894.7923537597657,45,0.5693856477737427,30.733604431152344,11.779000282287598,0.2000398486852646,311.56475830078125,825,-68.8331346,-32.9269204
1751065156633353700,895.7923537597657,45,0.5522680282592773,30.74360466003418,11.824000358581543,0.18832989037036896,310.37548828125,825,-68.8331345,-32.9269217
1751065157633353700,896.7923537597657,45,0.5021951794624329,30.753604888916016,11.859000205993652,0.1729150414466858,309.17724609375,825,-68.8331344,-32.9269225
1751065158633353700,897.7923537597657,45,0.33600595593452454,30.76360511779785,11.822999954223633,0.15504400432109833,308.11456298828125,825,-68.8331342,-32.9269231
1751065159633353700,898.7923537597657,45,0.3440930247306824,30.773605346679688,11.72599983215332,0.1366368681192398,307.2748107910156,825,-68.833134,-32.9269234
1751065160633353700,899.7923537597657,45,0.3689173460006714,30.783605575561523,11.579999923706055,0.11846121400594711,306.6310729980469,825,-68.8331338,-32.9269237
1751065161633353700,900.7923537597657,45,0.5522680282592773,30.79360580444336,11.468000411987305,0.10143886506557465,306.15679931640625,825,-68.8331336,-32.9269239
1751065162633353700,901.7923537597657,0,0.3818376660346985,30.803606033325195,11.347999572753906,0.08583757281303406,0,825,-68.8331335,-32.9269241
1751065163633353700,902.7923537597657,0,0.2906888425350189,30.8136043548584,11.25100040435791,0.0723133236169815,0,825,-68.8331333,-32.9269242
1751065164633353700,903.7923537597657,0,0.4103657007217407,30.823604583740234,11.194000244140625,0.06067901477217674,0,825,-68.8331332,-32.9269243
1751065165633353700,904.7923537597657,8.866504669189453,0.3047950267791748,30.83360481262207,11.128000259399414,0.5262517333030701,313.1363220214844,825,-68.833139,-32.9269115
1751065166633353700,905.7923537597657,9.581052780151367,0.46227696537971497,30.843605041503906,11.076000213623047,1.144161343574524,313.213623046875,825,-68.8331456,-32.9269046
1751065167633353700,906.7923537597657,9.145163536071777,1.024158239364624,30.853605270385742,11.043000221252441,1.6715410947799683,313.4672546386719,825,-68.833157,-32.9268942
1751065168633353700,907.7923537597657,9.032393455505371,1.8047159910202026,30.863605499267578,11.057000160217285,2.0335865020751953,313.5624694824219,825,-68.8331759,-32.92688
1751065169633353700,908.7923537597657,9.01822280883789,3.199531316757202,30.873605728149414,11.086000442504883,2.236785888671875,313.59295654296875,825,-68.8332002,-32.9268612
1751065170633353700,909.7923537597657,9.008423805236816,4.932220458984375,30.88360595703125,11.114999771118164,2.4123783111572266,313.4367980957031,825,-68.8332323,-32.9268392
1751065171633353700,910.7923537597657,9.283696174621582,5.948991298675537,13.612653732299805,11.232999801635742,2.6114354133605957,313.15142822265625,820.8999633789062,-68.8332725,-32.9268114
1751065172633353700,911.7923537597657,9.03735065460205,7.039346694946289,13.622653007507324,13.85099983215332,2.7885565757751465,313.18536376953125,820.8999633789062,-68.8333005,-32.9267901
1751065173633353700,912.7923537597657,7.759379863739014,4.73425817489624,13.63265323638916,16.910999298095703,3.789275646209717,313.7215270996094,820.8999633789062,-68.833342,-32.9267557
1751065175633353700,914.7923537597657,4.6778435707092285,1.0601886510849,13.652653694152832,19.68199920654297,8.612010955810547,313.060791015625,820.8999633789062,-68.8335098,-32.9266225
1751065177633353700,916.7923537597657,3.9242639541625977,1.2647924423217773,15.00670337677002,19.78499984741211,10.1705322265625,312.84576416015625,825,-68.8336686,-32.92649
1751065178633353700,917.7923537597657,3.6867525577545166,1.2509596347808838,15.016703605651855,17.32200050354004,10.324094772338867,312.9490661621094,825,-68.8337437,-32.9264294
1751065179633353700,918.7923537597657,3.6617250442504883,1.2954150438308716,15.026703834533691,14.449999809265137,10.317992210388184,313.51458740234375,825,-68.8338186,-32.9263676
1751065180633353700,919.7923537597657,3.5845634937286377,1.4724808931350708,15.036704063415527,11.963000297546387,10.294087409973145,313.7538146972656,825,-68.833892,-32.9263073
1751065181633353700,920.7923537597657,3.3413784503936768,1.3806158304214478,15.046703338623047,12.105999946594238,10.422760963439941,313.8847351074219,825,-68.8339774,-32.9262395
1751065182633353700,921.7923537597657,3.258361339569092,1.315484642982483,15.056703567504883,12.187000274658203,10.428174018859863,313.38677978515625,825,-68.8340593,-32.9261794
1751065183633353700,922.7923537597657,3.1938068866729736,1.4016062021255493,15.066703796386719,12.300999641418457,10.426114082336426,313.1912536621094,825,-68.8341381,-32.9261167
1751065184633353700,923.7923537597657,3.166337728500366,1.4277955293655396,15.076704025268555,12.472000122070312,10.447952270507812,313.099365234375,825,-68.8342191,-32.926052
1751065186633353700,925.7923537597657,3.1318271160125732,1.60112464427948,15.09670352935791,12.996000289916992,10.603537559509277,313.0420227050781,825,-68.8343899,-32.9259164
1751065187633353700,926.7923537597657,3.1691348552703857,1.6867127418518066,15.106703758239746,13.359999656677246,10.738518714904785,313.0223388671875,825,-68.8344829,-32.925846
1751065188633353700,927.7923537597657,3.0805442333221436,1.346291184425354,15.116703987121582,13.739999771118164,10.611893653869629,313.0048828125,825,-68.8345573,-32.9257875
1751065189633353700,928.7923537597657,3.0220346450805664,1.5428868532180786,15.126703262329102,14.133999824523926,10.622163772583008,313.0101013183594,825,-68.8346368,-32.9257239
1751065190633353700,929.7923537597657,2.9467885494232178,1.4848568439483643,15.136703491210938,14.427000045776367,10.638228416442871,313.01641845703125,825,-68.834716,-32.9256595
1751065191633353700,930.7923537597657,2.932180404663086,1.5967780351638794,15.146703720092773,14.623000144958496,10.755651473999023,313.0428466796875,825,-68.8347998,-32.9255875
1751065192633353700,931.7923537597657,2.9396345615386963,1.3292479515075684,15.15670394897461,14.642999649047852,10.819146156311035,313.62628173828125,825,-68.8348703,-32.9255179
1751065193633353700,932.7923537597657,2.9150123596191406,1.60112464427948,15.166703224182129,14.61299991607666,11.03541088104248,313.8276672363281,825,-68.8349492,-32.92545
1751065194633353700,933.7923537597657,2.9931986331939697,1.8477283716201782,15.176703453063965,14.65999984741211,11.36087703704834,313.9286193847656,825,-68.8350337,-32.9253795
1751065195633353700,934.7923537597657,3.0967628955841064,1.8923265933990479,15.1867036819458,14.687000274658203,11.741093635559082,313.9974670410156,825,-68.8351223,-32.9253037
1751065196633353700,935.7923537597657,3.0412676334381104,1.9909043312072754,15.196703910827637,14.916000366210938,12.24618911743164,314.05694580078125,825,-68.8352193,-32.925218
1751065197633353700,936.7923537597657,3.082892894744873,2.0718350410461426,15.206703186035156,15.472999572753906,13.239290237426758,314.0078125,825,-68.8353236,-32.9251278
1751065198633353700,937.7923537597657,3.1420724391937256,2.2452170848846436,15.216703414916992,16.55900001525879,13.374652862548828,314.0019836425781,825,-68.835432,-32.9250366
1751065199633353700,938.7923537597657,3.2544658184051514,1.944273591041565,15.226703643798828,17.378000259399414,12.983128547668457,313.9991455078125,825,-68.8355229,-32.9249618
1751065200633353700,939.7923537597657,3.2421770095825195,2.0974507331848145,15.236703872680664,18.202999114990234,13.239194869995117,314.9625244140625,825,-68.8356186,-32.9248736
1751065201633353700,940.7923537597657,3.15938138961792,2.100095272064209,15.2467041015625,19.280000686645508,12.970657348632812,314.9981689453125,825,-68.835714,-32.9247947
1751065202633353700,941.7923537597657,3.149629592895508,2.1694700717926025,15.25670337677002,20.128999710083008,12.453250885009766,315.0025634765625,825,-68.8358105,-32.9247046
1751065203633353700,942.7923537597657,3.3275146484375,2.2610838413238525,15.266703605651855,20.625,11.513120651245117,315.96075439453125,825,-68.8358903,-32.924628
1751065204633353700,943.7923537597657,3.3036246299743652,2.3307723999023438,15.276703834533691,20.944000244140625,11.11970329284668,316.0075988769531,825,-68.8359666,-32.9245447
1751065205633353700,944.7923537597657,3.2974467277526855,2.191643238067627,15.286704063415527,21.39299964904785,10.843320846557617,316.0054931640625,825,-68.8360531,-32.924461
1751065206633353700,945.7923537597657,3.5102028846740723,1.8330848217010498,15.296703338623047,21.61400032043457,9.529220581054688,316.9826965332031,825,-68.8360988,-32.9244046
1751065207633353700,946.7923537597657,3.9487833976745605,1.507647156715393,15.306703567504883,21.288000106811523,7.854867935180664,317.0115661621094,825,-68.8361166,-32.9243891
1751065208633353700,947.7923537597657,4.0944719314575195,1.741321325302124,15.316703796386719,21.2189998626709,7.226748466491699,317.0068054199219,825,-68.8361428,-32.9243677
1751065209633353700,948.7923537597657,4.220324993133545,1.8146624565124512,15.326704025268555,21.285999298095703,6.646369934082031,317.0072021484375,825,-68.8361706,-32.9243441
1751065210633353700,949.7923537597657,4.238537311553955,1.879281759262085,15.336703300476074,21.19099998474121,6.455545425415039,317.00067138671875,825,-68.8362129,-32.9243133
1751065211633353700,950.7923537597657,4.353263854980469,2.041200637817383,15.34670352935791,21.332000732421875,6.498471736907959,316.03302001953125,825,-68.8362658,-32.9242742
1751065212633353700,951.7923537597657,4.408731460571289,2.1978397369384766,15.356703758239746,21.976999282836914,6.221157073974609,316.9632568359375,825,-68.8363095,-32.9242386
1751065213633353700,952.7923537597657,4.565251350402832,2.122286558151245,15.366703987121582,22.851999282836914,6.152184009552002,316.99847412109375,825,-68.8363501,-32.9242041
1751065214633353700,953.7923537597657,4.623231887817383,2.314821720123291,15.376703262329102,23.6560001373291,6.5598883628845215,316.9867248535156,825,-68.8363956,-32.9241692
1751065215633353700,954.7923537597657,4.662866592407227,2.457824230194092,15.386703491210938,24.579999923706055,7.138503551483154,316.0367431640625,825,-68.836445,-32.9241296
1751065216633353700,955.7923537597657,4.751423358917236,2.6208395957946777,15.396703720092773,25.729000091552734,7.619744300842285,316.9321594238281,825,-68.8365004,-32.924086
1751065217633353700,956.7923537597657,4.582482814788818,2.4673871994018555,15.40670394897461,26.972000122070312,8.484126091003418,316.02764892578125,825,-68.8365752,-32.924034
1751065218633353700,957.7923537597657,4.697494983673096,2.64007568359375,15.416703224182129,28.687999725341797,8.932583808898926,315.991455078125,825,-68.8366506,-32.9239782
1751065219633353700,958.7923537597657,4.6111531257629395,2.6112258434295654,15.426703453063965,30.979999542236328,9.42204475402832,315.0457763671875,825,-68.8367424,-32.9239163
1751065220633353700,959.7923537597657,4.582412242889404,2.6978509426116943,15.4367036819458,33.63600158691406,9.336854934692383,314.05364990234375,825,-68.8368345,-32.9238573
1751065221633353700,960.7923537597657,4.433070182800293,2.685554027557373,15.446703910827637,36.42499923706055,9.199970245361328,314.9373779296875,825,-68.8369188,-32.9237964
1751065222633353700,961.7923537597657,3.7804038524627686,1.9909043312072754,15.456703186035156,38.21200180053711,10.823410034179688,314.03594970703125,825,-68.8370423,-32.9236962
1751065223633353700,962.7923537597657,3.754102945327759,2.1411445140838623,15.466703414916992,39.9630012512207,11.196402549743652,314.00164794921875,825,-68.8371767,-32.923594
1751065224633353700,963.7923537597657,3.5443122386932373,1.673439621925354,15.476703643798828,38.858001708984375,11.309666633605957,314.0001525878906,825,-68.8373289,-32.9234672
1751065225633353700,964.7923537597657,3.6892929077148438,1.7819371223449707,15.486703872680664,36.64899826049805,10.758045196533203,313.99749755859375,825,-68.8374335,-32.9233833
1751065226633353700,965.7923537597657,3.6886146068573,1.5967780351638794,15.4967041015625,33.375,10.134615898132324,313.0204162597656,825,-68.837494,-32.9233505
1751065227633353700,966.7923537597657,4.008142948150635,1.4852945804595947,15.50670337677002,29.760000228881836,9.48392391204834,312.9959716796875,825,-68.8375447,-32.9233204
1751065228633353700,967.7923537597657,4.020161151885986,1.3548431396484375,15.516703605651855,26.51799964904785,8.851346969604492,312.997314453125,825,-68.8375796,-32.9232894
1751065229633353700,968.7923537597657,3.5365331172943115,1.1601723432540894,15.526703834533691,23.115999221801758,9.746931076049805,313.00286865234375,825,-68.8376679,-32.92322
1751065230633353700,969.7923537597657,3.604785203933716,1.4549914598464966,15.536704063415527,21.97599983215332,9.955740928649902,313.00115966796875,825,-68.8377618,-32.9231456
1751065231633353700,970.7923537597657,3.512608528137207,1.450137972831726,15.546703338623047,21.18000030517578,10.250213623046875,312.99127197265625,825,-68.8378624,-32.923074
1751065232633353700,971.7923537597657,3.3044421672821045,1.2453513145446777,15.556703567504883,20.820999145507812,10.662236213684082,313.0137634277344,825,-68.8379631,-32.9229935
1751065233633353700,972.7923537597657,3.322484016418457,1.3292479515075684,15.566703796386719,20.200000762939453,10.701345443725586,313.012939453125,825,-68.8380506,-32.9229229
1751065234633353700,973.7923537597657,3.3628315925598145,1.4676852226257324,15.576704025268555,19.884000778198242,10.793450355529785,313.0475158691406,825,-68.8381344,-32.9228436
1751065235633353700,974.7923537597657,3.446305751800537,1.6867127418518066,15.586703300476074,19.676000595092773,10.810601234436035,313.06439208984375,825,-68.8382226,-32.9227619
1751065236633353700,975.7923537597657,3.5506093502044678,1.6867127418518066,15.59670352935791,19.301000595092773,10.60948371887207,313.0410461425781,825,-68.8383047,-32.92269
1751065237633353700,976.7923537597657,3.5499682426452637,1.5921369791030884,15.606703758239746,19.163999557495117,10.420045852661133,313.07366943359375,825,-68.8383752,-32.922616
1751065238633353700,977.7923537597657,3.488189220428467,1.5430489778518677,15.616703987121582,19.20199966430664,10.220122337341309,313.610595703125,825,-68.8384432,-32.922536
1751065239633353700,978.7923537597657,3.538926601409912,1.6234838962554932,15.626703262329102,19.527000427246094,10.03627872467041,313.8383483886719,825,-68.8385149,-32.9224624
1751065240633353700,979.7923537597657,3.4157185554504395,1.7831432819366455,15.636703491210938,19.940000534057617,9.780782699584961,313.41033935546875,825,-68.8385932,-32.922409
1751065241633353700,980.7923537597657,3.442176580429077,1.8681541681289673,15.646703720092773,20.347000122070312,9.611655235290527,313.6538391113281,825,-68.8386673,-32.9223481
1751065242633353700,981.7923537597657,3.4895575046539307,2.041200637817383,15.65670394897461,20.89900016784668,9.408125877380371,313.3285827636719,825,-68.8387414,-32.9222976
1751065243633353700,982.7923537597657,3.558779239654541,1.9499744176864624,15.666703224182129,21.32200050354004,9.127033233642578,313.1270446777344,825,-68.8388062,-32.9222523
1751065244633353700,983.7923537597657,3.448390483856201,1.4629422426223755,15.676703453063965,21.517000198364258,8.953309059143066,313.0297546386719,825,-68.8388749,-32.9222014
1751065245633353700,984.7923537597657,3.573134660720825,1.5384408235549927,15.6867036819458,21.47800064086914,8.395402908325195,312.9081115722656,825,-68.8389264,-32.9221731
1751065246633353700,985.7923537597657,3.6116344928741455,1.570796012878418,15.696703910827637,21.21299934387207,7.9638776779174805,312.888427734375,825,-68.8389764,-32.9221362
1751065247633353700,986.7923537597657,3.6403913497924805,1.7661540508270264,15.706703186035156,20.808000564575195,7.701662063598633,312.89569091796875,825,-68.8390301,-32.922094
1751065248633353700,987.7923537597657,3.609311103820801,1.8107733726501465,15.716703414916992,20.158000946044922,7.522581100463867,312.9052734375,825,-68.8390875,-32.9220502
1751065249633353700,988.7923537597657,3.632204055786133,1.8848077058792114,15.726703643798828,19.47100067138672,7.326900959014893,312.9106140136719,825,-68.8391402,-32.9220093
1751065250633353700,989.7923537597657,3.683534622192383,1.883215308189392,15.736703872680664,18.950000762939453,7.065611839294434,312.88037109375,825,-68.8391963,-32.9219682
1751065251633353700,990.7923537597657,4.117610931396484,1.6387799978256226,15.7467041015625,18.25,6.559689521789551,312.81427001953125,825,-68.8392464,-32.9219353
1751065252633353700,991.7923537597657,4.383423805236816,1.5526107549667358,15.75670337677002,17.62700080871582,6.055495262145996,312.80706787109375,825,-68.8392925,-32.9219006
1751065253633353700,992.7923537597657,4.405500411987305,1.4803378582000732,15.766703605651855,16.910999298095703,5.704845428466797,312.84991455078125,825,-68.8393348,-32.921866
1751065254633353700,993.7923537597657,4.618169784545898,1.1660617589950562,15.776703834533691,16.179000854492188,5.474717617034912,312.9115905761719,825,-68.8393881,-32.9218228
1751065255633353700,994.7923537597657,4.667506217956543,1.3771346807479858,15.786704063415527,15.586999893188477,5.33482551574707,312.9409484863281,825,-68.8394317,-32.9217855
1751065256633353700,995.7923537597657,4.756669998168945,1.507647156715393,15.796703338623047,14.96399974822998,5.240555286407471,312.9710388183594,825,-68.8394719,-32.9217499
1751065257633353700,996.7923537597657,4.981379508972168,1.6324827671051025,15.806703567504883,14.682999610900879,5.120035171508789,312.9836730957031,825,-68.8395064,-32.9217193
1751065258633353700,997.7923537597657,5.1099443435668945,1.838477611541748,15.816703796386719,14.491000175476074,4.913784503936768,312.9685974121094,825,-68.8395406,-32.9216887
1751065260633353700,999.7923537597657,5.650862693786621,1.5029637813568115,15.836703300476074,14.491999626159668,4.183773994445801,312.8717346191406,825,-68.8396078,-32.9216299
1751065261633353700,1000.7923537597657,6.489051342010498,1.3497036695480347,10.425338745117188,14.473999977111816,3.4041309356689453,312.7668151855469,820.8999633789062,-68.8396244,-32.9216123
1751065262633353700,1001.7923537597657,9.227514266967773,1.0963575839996338,10.435338973999023,14.494000434875488,2.3944756984710693,313.51971435546875,820.8999633789062,-68.8396213,-32.9215943
1751065263633353700,1002.7923537597657,11.304413795471191,1.2536346912384033,10.44533920288086,14.567000389099121,1.6670575141906738,313.6122131347656,820.8999633789062,-68.8396208,-32.9215837
1751065264633353700,1003.7923537597657,12.102936744689941,1.2453513145446777,10.455338478088379,14.562999725341797,1.1460330486297607,313.53399658203125,820.8999633789062,-68.839632,-32.9215729
1751065265633353700,1004.7923537597657,9.28272533416748,1.2900387048721313,10.465338706970215,14.585000038146973,0.8838561773300171,313.64093017578125,820.8999633789062,-68.8396409,-32.9215621
1751065266633353700,1005.7923537597657,14.612274169921875,1.2175796031951904,30.593894958496094,14.590999603271484,0.529961347579956,313.28204345703125,820.5,-68.8396415,-32.9215648
1751065267633353700,1006.7923537597657,16.443981170654297,1.2288612127304077,30.60389518737793,14.730999946594238,0.38336625695228577,313.2712097167969,820.5,-68.8396469,-32.9215623
1751065269633353700,1008.7923537597657,19.533946990966797,1.2370933294296265,30.6238956451416,14.821000099182129,0.3887239098548889,313.5057373046875,820.5,-68.8396753,-32.9215498
1751065270633353700,1009.7923537597657,8.273782730102539,1.2067310810089111,30.633895874023438,14.883000373840332,0.3964310884475708,312.9687805175781,820.5,-68.8396829,-32.9215487
1751065271633353700,1010.7923537597657,17.588863372802734,1.4717676639556885,9.1608304977417,15.043999671936035,0.44857239723205566,313.7727966308594,820.5999755859375,-68.8396922,-32.9215369
1751065272633353700,1011.7923537597657,45,1.4676852226257324,9.170829772949219,15.428999900817871,0.4551090598106384,314.07489013671875,820.5999755859375,-68.8396982,-32.9215295
1751065273633353700,1012.7923537597657,45,1.3292479515075684,9.180830001831055,15.604999542236328,0.46160295605659485,314.58624267578125,820.5999755859375,-68.8397024,-32.9215242
1751065274633353700,1013.7923537597657,45,1.5253196954727173,9.19083023071289,15.847999572753906,0.4615109860897064,315.163330078125,820.5999755859375,-68.8397051,-32.9215206
1751065275633353700,1014.7923537597657,45,1.7545369863510132,9.200830459594727,16.25,0.4515625834465027,315.681640625,820.5999755859375,-68.8397069,-32.9215182
1751065276633353700,1015.7923537597657,45,1.838477611541748,18.518753051757812,16.722999572753906,0.43091997504234314,316.15081787109375,820.5,-68.839708,-32.9215168
1751065277633353700,1016.7923537597657,45,1.944273591041565,18.52875328063965,17.219999313354492,0.40273070335388184,316.5357971191406,820.5,-68.8397087,-32.9215158
1751065278633353700,1017.7923537597657,45,2.0871033668518066,18.538753509521484,17.72599983215332,0.36982420086860657,316.85211181640625,820.5,-68.839709,-32.9215152
1751065279633353700,1018.7923537597657,45,1.9703044891357422,18.54875373840332,18.466999053955078,0.3326946496963501,317.1323547363281,820.5,-68.8397091,-32.921515
1751065280633353700,1019.7923537597657,45,1.3122880458831787,18.558753967285156,18.711000442504883,0.2842969000339508,317.4534606933594,820.5,-68.8397082,-32.9215156
1751065281633353700,1020.7923537597657,45,1.3685028553009033,5.3724751472473145,18.822999954223633,0.24289754033088684,317.7070007324219,820.5999755859375,-68.8397076,-32.921516
1751065282633353700,1021.7923537597657,45,1.1232987642288208,5.382474899291992,18.82699966430664,0.2054644674062729,317.9224548339844,820.5999755859375,-68.839707,-32.9215164
1751065283633353700,1022.7923537597657,45,1.246795892715454,5.392475128173828,18.426000595092773,0.1698654592037201,318.1226806640625,820.5999755859375,-68.8397064,-32.921517
1751065284633353700,1023.7923537597657,45,1.1681181192398071,5.402474880218506,17.770000457763672,0.1407398134469986,318.2849426269531,820.5999755859375,-68.8397059,-32.9215174
1751065285633353700,1024.7923537597655,45,1.0026464462280273,5.412475109100342,16.875999450683594,0.11522770673036575,318.42694091796875,820.5999755859375,-68.8397054,-32.9215178
1751065286633353700,1025.7923537597655,0,0.990202009677887,5.9149627685546875,16.388999938964844,0.09398958086967468,0,820.5999755859375,-68.8397051,-32.9215181
1751065287633353700,1026.7923537597655,11.803441047668457,1.1766053438186646,5.924962997436523,15.914999961853027,0.6647568345069885,315.0246887207031,820.5999755859375,-68.8397103,-32.9215141
1751065288633353700,1027.7923537597655,10.727482795715332,1.2553883790969849,5.934962749481201,15.541999816894531,1.3325670957565308,314.5050964355469,820.5999755859375,-68.8397227,-32.9215054
1751065289633353700,1028.7923537597655,10.554220199584961,1.329699158668518,5.944962978363037,15.376999855041504,2.1176259517669678,314.2777099609375,820.5999755859375,-68.8397437,-32.9214914
1751065290633353700,1029.7923537597655,14.275001525878906,1.364734411239624,5.954962730407715,15.477999687194824,2.938082695007324,314.11572265625,820.5999755859375,-68.8397691,-32.9214727
1751065291633353700,1030.7923537597655,10.892280578613281,2.5462913513183594,20.757495880126953,15.552000045776367,3.4747934341430664,314.1524658203125,820.5999755859375,-68.8397998,-32.9214518
1751065292633353700,1031.7923537597655,9.959901809692383,3.124772071838379,20.76749610900879,15.720999717712402,4.037140369415283,314.1550598144531,820.5999755859375,-68.8398333,-32.9214286
1751065293633353700,1032.7923537597655,9.164128303527832,3.2722620964050293,20.777496337890625,15.782999992370605,4.757387638092041,314.2978210449219,820.5999755859375,-68.8398781,-32.9213964
1751065294633353700,1033.7923537597655,8.575959205627441,3.515124559402466,20.78749656677246,15.833000183105469,5.525652885437012,314.41766357421875,820.5999755859375,-68.8399338,-32.9213542
1751065295633353700,1034.7923537597655,7.998128414154053,3.6912057399749756,20.797496795654297,15.960000038146973,6.304501056671143,314.5512390136719,820.5999755859375,-68.8399976,-32.921303
1751065296633353700,1035.7923537597655,7.633047103881836,3.5720021724700928,18.5184326171875,15.883000373840332,7.140357494354248,314.367919921875,820.5999755859375,-68.8400703,-32.9212484
1751065297633353700,1036.7923537597655,6.103969097137451,1.260515809059143,18.528432846069336,15.890999794006348,9.040284156799316,314.0814514160156,820.5999755859375,-68.8401583,-32.9211798
1751065299633353700,1038.7923537597655,5.554543972015381,1.5741982460021973,18.548433303833008,16.457000732421875,10.42182731628418,314.4966735839844,820.5999755859375,-68.8403351,-32.9210366
1751065300633353700,1039.7923537597655,5.445450782775879,1.7048753499984741,18.558433532714844,16.80699920654297,10.917511940002441,314.7093505859375,820.5999755859375,-68.8404273,-32.9209613
1751065301633353700,1040.7923537597655,5.545945167541504,1.8940961360931396,18.56843376159668,17.29400062561035,11.299311637878418,314.8171691894531,820.5999755859375,-68.8405183,-32.9208868
1751065302633353700,1041.7923537597655,5.408914089202881,1.7647662162780762,18.578433990478516,17.83099937438965,11.655355453491211,314.8704833984375,820.5999755859375,-68.8406121,-32.9208134
1751065303633353700,1042.7923537597655,5.190049648284912,1.637192726135254,18.58843421936035,18.590999603271484,12.102124214172363,315.8526611328125,820.5999755859375,-68.8407027,-32.9207276
1751065304633353700,1043.7923537597655,4.863911151885986,1.6144968271255493,18.598432540893555,19.23699951171875,12.51519775390625,315.9215087890625,820.5999755859375,-68.8408002,-32.9206412
1751065305633353700,1044.7923537597655,4.863152503967285,1.6191356182098389,18.60843276977539,20.134000778198242,12.638371467590332,315.4784240722656,820.5999755859375,-68.8408941,-32.9205702
1751065306633353700,1045.7923537597655,4.075023651123047,1.58344566822052,18.618432998657227,20.790000915527344,13.036824226379395,314.2510070800781,820.5999755859375,-68.8410093,-32.9204966
1751065307633353700,1046.7923537597655,3.852890968322754,1.6058019399642944,18.628433227539062,21.375,13.237174034118652,313.1614685058594,820.5999755859375,-68.8411215,-32.9204271
1751065308633353700,1047.7923537597655,3.5394439697265625,1.5384732484817505,18.6384334564209,22.014999389648438,13.516971588134766,313.0622253417969,820.5999755859375,-68.8412352,-32.920349
1751065309633353700,1048.7923537597655,3.2974953651428223,1.507215976715088,18.648433685302734,22.638999938964844,13.797812461853027,312.5356140136719,820.5999755859375,-68.8413555,-32.920265
1751065310633353700,1049.7923537597655,3.2183051109313965,1.5295751094818115,18.65843391418457,23.308000564575195,14.064014434814453,312.7647705078125,820.5999755859375,-68.8414762,-32.9201737
1751065311633353700,1050.7923537597655,3.288839101791382,1.5384732484817505,18.668434143066406,23.768999099731445,14.103611946105957,312.8690490722656,820.5999755859375,-68.8415926,-32.9200864
1751065312633353700,1051.7923537597655,3.085118293762207,1.4152384996414185,18.67843246459961,24.17799949645996,13.964910507202148,312.93896484375,820.5999755859375,-68.8416958,-32.9200016
1751065313633353700,1052.7923537597655,2.9010581970214844,1.1903780698776245,18.688432693481445,24.1560001373291,13.578864097595215,313.5572814941406,820.5999755859375,-68.8417806,-32.9199256
1751065314633353700,1053.7923537597655,2.8154313564300537,1.2647924423217773,18.69843292236328,23.71299934387207,13.413785934448242,313.8195495605469,820.5999755859375,-68.8418593,-32.919845
1751065315633353700,1054.7923537597655,2.7059824466705322,1.22036874294281,18.708433151245117,22.792999267578125,13.463536262512207,313.9233093261719,820.5999755859375,-68.8419564,-32.9197657
1751065316633353700,1055.7923537597655,2.66540789604187,1.2455520629882812,18.718433380126953,21.691999435424805,13.517300605773926,313.42413330078125,820.5999755859375,-68.8420575,-32.9196837
1751065317633353700,1056.7923537597655,2.724952220916748,1.3069812059402466,18.72843360900879,20.516000747680664,13.603500366210938,313.73406982421875,820.5999755859375,-68.8421625,-32.9195968
1751065318633353700,1057.7923537597655,2.747731924057007,1.3325539827346802,18.738433837890625,19.531999588012695,13.670753479003906,313.8837585449219,820.5999755859375,-68.842267,-32.9195077
1751065319633353700,1058.7923537597655,2.743445634841919,1.3669308423995972,18.74843406677246,18.72100067138672,13.818436622619629,313.955322265625,820.5999755859375,-68.8423771,-32.9194149
1751065320633353700,1059.7923537597655,2.725341558456421,1.3017295598983765,18.758432388305664,18.099000930786133,14.048551559448242,314.0000915527344,820.5999755859375,-68.8424935,-32.9193125
1751065321633353700,1060.7923537597655,2.716315507888794,1.212023138999939,18.7684326171875,17.701000213623047,14.11056900024414,314.01861572265625,820.5999755859375,-68.8426037,-32.9192135
1751065322633353700,1061.7923537597655,2.5685832500457764,1.2371337413787842,18.778432846069336,17.270999908447266,14.008827209472656,314.0301208496094,820.5999755859375,-68.842701,-32.9191213
1751065323633353700,1062.7923537597655,2.7182586193084717,1.4598972797393799,18.788433074951172,16.905000686645508,13.903931617736816,314.51593017578125,820.5999755859375,-68.8427957,-32.9190317
1751065324633353700,1063.7923537597655,2.682832717895508,1.4425325393676758,18.798433303833008,16.48900032043457,13.805257797241211,314.7926330566406,820.5999755859375,-68.8428799,-32.9189466
1751065325633353700,1064.7923537597655,2.8002071380615234,1.4202111959457397,18.808433532714844,16.208999633789062,13.524337768554688,314.9498291015625,820.5999755859375,-68.842951,-32.9188654
1751065326633353700,1065.7923537597655,2.8971924781799316,1.3943098783493042,18.81843376159668,16.03499984741211,13.252016067504883,315.0281066894531,820.5999755859375,-68.8430208,-32.9187856
1751065327633353700,1066.7923537597655,2.9350526332855225,1.4288806915283203,18.828433990478516,16.05500030517578,13.231230735778809,315.5489196777344,820.5999755859375,-68.8431091,-32.9186968
1751065328633353700,1067.7923537597655,2.8380048274993896,1.3892444372177124,18.83843421936035,16.091999053955078,13.418139457702637,315.8056335449219,820.5999755859375,-68.8432105,-32.9185984
1751065329633353700,1068.7923537597655,2.777080535888672,1.4029254913330078,18.848432540893555,15.961000442504883,13.47297477722168,315.3822021484375,820.5999755859375,-68.8433179,-32.9185113
1751065330633353700,1069.7923537597655,2.8388686180114746,1.5652475357055664,18.85843276977539,15.845000267028809,13.497026443481445,315.67657470703125,820.5999755859375,-68.8434203,-32.9184205
1751065331633353700,1070.7923537597655,2.9937117099761963,1.7272231578826904,18.868432998657227,15.730999946594238,13.505342483520508,315.81658935546875,820.5999755859375,-68.8435235,-32.9183311
1751065332633353700,1071.7923537597655,2.723050355911255,1.4983323812484741,18.878433227539062,15.60099983215332,13.693986892700195,315.3468933105469,820.5999755859375,-68.8436439,-32.9182457
1751065333633353700,1072.7923537597655,2.8215737342834473,1.768756628036499,18.8884334564209,15.543000221252441,13.765162467956543,315.1714172363281,820.5999755859375,-68.8437567,-32.9181588
1751065334633353700,1073.7923537597655,2.921722650527954,1.8515398502349854,18.898433685302734,15.746999740600586,13.840686798095703,315.0773620605469,820.5999755859375,-68.8438697,-32.9180698
1751065335633353700,1074.7923537597655,2.8087949752807617,1.6867127418518066,18.90843391418457,16.114999771118164,14.104683876037598,315.5245666503906,820.5999755859375,-68.843982,-32.9179678
1751065336633353700,1075.7923537597655,2.785968780517578,1.5697451829910278,18.918434143066406,16.499000549316406,14.3234281539917,315.2619323730469,820.5999755859375,-68.8441031,-32.9178669
1751065337633353700,1076.7923537597655,2.8466691970825195,1.8054639101028442,18.92843246459961,17.054000854492188,14.486988067626953,315.15045166015625,820.5999755859375,-68.8442232,-32.9177659
1751065338633353700,1077.7923537597655,2.8644018173217773,2.0096018314361572,18.938432693481445,17.854000091552734,14.432714462280273,315.4903564453125,820.5999755859375,-68.8443379,-32.9176655
1751065339633353700,1078.7923537597655,3.0041754245758057,2.1009044647216797,18.94843292236328,18.64699935913086,14.14080810546875,315.30828857421875,820.5999755859375,-68.8444458,-32.9175732
1751065340633353700,1079.7923537597655,3.0172817707061768,2.1444811820983887,18.958433151245117,19.566999435424805,13.670924186706543,315.19818115234375,820.5999755859375,-68.8445412,-32.9174916
1751065341633353700,1080.7923537597655,3.1599788665771484,2.2200000286102295,18.968433380126953,20.864999771118164,13.146658897399902,315.1302185058594,820.5999755859375,-68.8446295,-32.9174165
1751065342633353700,1081.7923537597655,3.0049123764038086,2.0002501010894775,18.97843360900879,21.84600067138672,12.687664031982422,315.5291748046875,820.5999755859375,-68.8447118,-32.9173431
1751065343633353700,1082.7923537597655,3.1387691497802734,2.0002501010894775,18.988433837890625,22.766000747680664,12.393301010131836,315.3105163574219,820.5999755859375,-68.8447948,-32.9172726
1751065344633353700,1083.7923537597655,3.0421178340911865,1.7647662162780762,18.99843406677246,22.974000930786133,12.160892486572266,315.6608581542969,820.5999755859375,-68.8448695,-32.9172029
1751065345633353700,1084.7923537597655,3.100083112716675,1.4724808931350708,19.008432388305664,22.551000595092773,11.862881660461426,315.8551025390625,820.5999755859375,-68.8449385,-32.9171403
1751065346633353700,1085.7923537597655,3.1456854343414307,1.6638509035110474,19.0184326171875,21.915000915527344,11.655867576599121,315.4560852050781,820.5999755859375,-68.8450119,-32.9170812
1751065347633353700,1086.7923537597655,3.271130323410034,1.5786703824996948,19.028432846069336,20.684999465942383,11.11014175415039,314.69329833984375,820.5999755859375,-68.8450796,-32.9170398
1751065348633353700,1087.7923537597655,3.274404764175415,1.7321951389312744,19.038433074951172,19.83300018310547,10.562810897827148,314.82623291015625,820.5999755859375,-68.8451351,-32.916995
1751065349633353700,1088.7923537597655,3.303982734680176,1.534177303314209,19.048433303833008,18.733999252319336,10.107254981994629,314.88983154296875,820.5999755859375,-68.8452008,-32.9169465
1751065350633353700,1089.7923537597655,3.323789358139038,1.486068606376648,19.058433532714844,17.948999404907227,9.776286125183105,314.9467468261719,820.5999755859375,-68.8452655,-32.9168918
1751065351633353700,1090.7923537597655,3.380798816680908,1.4764822721481323,19.06843376159668,17.503000259399414,9.576166152954102,314.9876403808594,820.5999755859375,-68.8453371,-32.9168277
1751065352633353700,1091.7923537597655,3.3667380809783936,1.2647924423217773,19.078433990478516,16.80699920654297,9.311976432800293,314.3684387207031,820.5999755859375,-68.8454161,-32.9167774
1751065353633353700,1092.7923537597655,3.3614895343780518,1.3008458614349365,19.08843421936035,16.371999740600586,9.36257553100586,314.7413330078125,820.5999755859375,-68.8454987,-32.9166985
1751065354633353700,1093.7923537597655,3.3505592346191406,1.261942982673645,19.098432540893555,15.866999626159668,9.264615058898926,314.892578125,820.5999755859375,-68.8455796,-32.916628
1751065355633353700,1094.7923537597655,3.325664520263672,1.1104053258895874,19.10843276977539,15.246999740600586,9.067086219787598,315.5829162597656,820.5999755859375,-68.8456555,-32.9165574
1751065356633353700,1095.7923537597655,2.9583146572113037,0.9350935816764832,19.118432998657227,14.638999938964844,8.799415588378906,315.2212829589844,820.5999755859375,-68.845712,-32.9164952
1751065357633353700,1096.7923537597655,3.0025851726531982,1.1985408067703247,19.128433227539062,14.088000297546387,8.5940523147583,315.092041015625,820.5999755859375,-68.8457769,-32.9164447
1751065358633353700,1097.7923537597655,2.991586446762085,1.337235927581787,19.1384334564209,13.572999954223633,8.375276565551758,315.014404296875,820.5999755859375,-68.8458454,-32.9163976
1751065359633353700,1098.7923537597655,2.996272563934326,1.3865424394607544,19.148433685302734,12.906000137329102,8.146428108215332,314.4250793457031,820.5999755859375,-68.845905,-32.9163617
1751065360633353700,1099.7923537597655,3.015732526779175,0.8011242151260376,19.15843391418457,12.28499984741211,7.850499153137207,313.3324279785156,820.5999755859375,-68.8459612,-32.9163276
1751065361633353700,1100.7923537597655,3.130385398864746,0.8841379880905151,19.168434143066406,11.880999565124512,7.472998142242432,313.0742492675781,820.5999755859375,-68.8460145,-32.9162906
1751065362633353700,1101.7923537597655,3.1768953800201416,0.7220110893249512,19.17843246459961,11.597000122070312,7.270712852478027,313.00299072265625,820.5999755859375,-68.8460711,-32.916251
1751065363633353700,1102.7923537597655,3.4686267375946045,0.6981403827667236,19.188432693481445,11.402999877929688,6.762636184692383,312.9664611816406,820.5999755859375,-68.8461226,-32.9162142
1751065364633353700,1103.7923537597655,3.3629441261291504,1.1428472995758057,19.19843292236328,11.284000396728516,6.41434907913208,312.9049987792969,820.5999755859375,-68.8461755,-32.916178
1751065365633353700,1104.7923537597655,3.730515718460083,0.9464142918586731,19.208433151245117,11.244000434875488,5.946204662322998,312.91156005859375,820.5999755859375,-68.8462261,-32.9161372
1751065366633353700,1105.7923537597655,3.8964436054229736,0.8273451328277588,19.218433380126953,11.206000328063965,5.265263557434082,312.89532470703125,820.5999755859375,-68.8462664,-32.9161055
1751065367633353700,1106.7923537597655,4.307840824127197,0.983107328414917,19.22843360900879,11.180000305175781,4.639714241027832,312.8286437988281,820.5999755859375,-68.8463011,-32.9160802
1751065369633353700,1108.7923537597655,5.582210063934326,0.9263368844985962,19.24843406677246,11.144000053405762,3.4570324420928955,312.81011962890625,820.5999755859375,-68.8463579,-32.9160378
1751065370633353700,1109.7923537597655,5.724817276000977,0.8414867520332336,19.258432388305664,11.123000144958496,3.0118401050567627,312.0932922363281,820.5999755859375,-68.8463797,-32.9160229
1751065371633353700,1110.7923537597655,6.50985050201416,0.7451845407485962,19.2684326171875,11.097999572753906,2.668617010116577,311.9122619628906,820.5999755859375,-68.8463999,-32.9160097
1751065372633353700,1111.7923537597655,7.525108814239502,0.954620361328125,19.278432846069336,11.069999694824219,2.1149091720581055,311.5491638183594,820.5999755859375,-68.8464162,-32.9160005
1751065373633353700,1112.7923537597655,9.514924049377441,0.9343447089195251,19.288433074951172,11.055999755859375,1.447784423828125,311.13836669921875,820.5999755859375,-68.846427,-32.9159951
1751065374633353700,1113.7923537597655,12.734492301940918,0.7657675743103027,19.298433303833008,11.050999641418457,1.0593417882919312,312.19525146484375,820.5999755859375,-68.8464356,-32.9159864
1751065375633353700,1114.7923537597655,11.553735733032227,1.2037025690078735,20.75799560546875,11.062000274658203,0.8041636943817139,312.1336364746094,816.3999633789062,-68.8464414,-32.9159778
1751065376633353700,1115.7923537597655,15.038641929626465,0.9276313781738281,20.767995834350586,11.079000473022461,0.46386662125587463,312.04766845703125,816.3999633789062,-68.8464461,-32.9159695
1751065377633353700,1116.7923537597655,45,0.9052071571350098,20.777996063232422,11.109000205993652,0.46456581354141235,312.2887878417969,816.3999633789062,-68.8464489,-32.9159646
1751065378633353700,1117.7923537597655,7.065273284912109,0.8556284308433533,20.787996292114258,11.151000022888184,0.31381672620773315,312.5216369628906,816.3999633789062,-68.8464499,-32.9159636
1751065379633353700,1118.7923537597655,45,1.2900387048721313,20.797996520996094,11.211999893188477,0.31158921122550964,312.5522766113281,816.3999633789062,-68.8464504,-32.9159632
1751065380633353700,1119.7923537597655,45,0.9567131400108337,20.80799674987793,11.270999908447266,0.32072150707244873,312.6033020019531,816.3999633789062,-68.8464557,-32.9159589
1751065381633353700,1120.7923537597655,45,0.8028075695037842,20.817996978759766,11.307999610900879,0.32350170612335205,311.6285400390625,816.3999633789062,-68.8464595,-32.9159574
1751065382633353700,1121.7923537597655,45,1.0448445081710815,20.8279972076416,11.33899974822998,0.3088560700416565,309.6190185546875,816.3999633789062,-68.8464615,-32.9159579
1751065383633353700,1122.7923537597655,45,0.4103657007217407,20.837995529174805,11.291999816894531,0.2859579622745514,308.0794982910156,816.3999633789062,-68.8464624,-32.9159584
1751065384633353700,1123.7923537597655,45,0.3679673969745636,20.84799575805664,11.230999946594238,0.2580539286136627,306.9883117675781,816.3999633789062,-68.8464628,-32.9159587
1751065385633353700,1124.7923537597655,45,0.2475883662700653,12.482995986938477,11.138999938964844,0.2278311550617218,306.22894287109375,818.0999755859375,-68.8464628,-32.915959
1751065386633353700,1125.7923537597655,45,0.3405877351760864,12.492996215820312,11.045000076293945,0.1976599097251892,305.70709228515625,818.0999755859375,-68.8464627,-32.9159593
1751065387633353700,1126.7923537597655,45,0.3623534142971039,12.502996444702148,10.968999862670898,0.16949863731861115,305.35601806640625,818.0999755859375,-68.8464625,-32.9159595
1751065388633353700,1127.7923537597655,45,0.32649654150009155,12.512995719909668,10.906999588012695,0.1440536081790924,305.11944580078125,818.0999755859375,-68.8464623,-32.9159597
1751065389633353700,1128.7923537597655,45,0.2126029133796692,12.522995948791504,10.911999702453613,0.12149691581726074,304.9587097167969,818.0999755859375,-68.8464621,-32.9159598
1751065390633353700,1129.7923537597655,45,0.2126029133796692,30.593454360961914,10.920999526977539,0.10194514691829681,304.8499755859375,816.7000122070312,-68.8464619,-32.9159599
1751065391633353700,1130.7923537597655,0,0.20518285036087036,30.60345458984375,10.918000221252441,0.08511634171009064,0,816.7000122070312,-68.8464617,-32.9159601
1751065392633353700,1131.7923537597655,0,0.1984943300485611,30.613454818725586,10.868000030517578,0.07060941308736801,0,816.7000122070312,-68.8464615,-32.9159602
1751065393633353700,1132.7923537597655,0,0.2126029133796692,30.623455047607422,10.769000053405762,0.05851326137781143,0,816.7000122070312,-68.8464614,-32.9159602
1751065394633353700,1133.7923537597655,0,0.29206162691116333,30.633455276489258,10.631999969482422,0.0485113151371479,0,816.7000122070312,-68.8464613,-32.9159603
1751065395633353700,1134.7923537597655,0,0.35227829217910767,5.777973651885986,10.53600025177002,0.04049255698919296,0,816.3999633789062,-68.8464612,-32.9159604
1751065396633353700,1135.7923537597655,0,0.3689173460006714,5.787973403930664,10.473999977111816,0.03381453827023506,0,816.3999633789062,-68.8464612,-32.9159604
1751065397633353700,1136.7923537597655,0,0.3858756422996521,5.7979736328125,10.444000244140625,0.028177428990602493,0,816.3999633789062,-68.8464611,-32.9159604
1751065399633353700,1138.7923537597655,0,0.35227829217910767,5.817973613739014,10.612000465393066,0.01959543116390705,0,816.3999633789062,-68.846461,-32.9159605
1751065400633353700,1139.7923537597655,0,0.4482187032699585,15.005583763122559,10.758999824523926,0.016305169090628624,0,816.7000122070312,-68.846461,-32.9159605
1751065401633353700,1140.7923537597655,0,0.4940647780895233,15.015583992004395,10.871999740600586,0.013558984734117985,0,816.7000122070312,-68.846461,-32.9159605
1751065402633353700,1141.7923537597655,0,0.446878045797348,15.025583267211914,10.935999870300293,0.011245177127420902,0,816.7000122070312,-68.8464609,-32.9159605
1751065403633353700,1142.7923537597655,0,0.4545327126979828,15.03558349609375,11,0.009349719621241093,0,816.7000122070312,-68.8464609,-32.9159605
1751065404633353700,1143.7923537597655,0,0.14866068959236145,15.045583724975586,11.020000457763672,0.007755774538964033,0,816.7000122070312,-68.8464609,-32.9159605
1751065405633353700,1144.7923537597655,8.774036407470703,0.15556348860263824,11.019843101501465,10.937999725341797,0.5477653741836548,312.02777099609375,818.2999877929688,-68.8464574,-32.91596
1751065406633353700,1145.7923537597655,9.692460060119629,0.2941088378429413,11.0298433303833,10.767000198364258,1.0530896186828613,312.1020812988281,818.2999877929688,-68.8464575,-32.9159586
1751065407633353700,1146.7923537597655,9.125739097595215,0.49091750383377075,11.039843559265137,10.604999542236328,1.7819671630859375,312.1993713378906,818.2999877929688,-68.8464666,-32.9159515
1751065408633353700,1147.7923537597655,8.993911743164062,1.3083195686340332,11.049843788146973,10.5649995803833,2.1387643814086914,312.5084228515625,818.2999877929688,-68.8464841,-32.9159376
1751065409633353700,1148.7923537597655,8.97010326385498,2.5019991397857666,11.059843063354492,10.555000305175781,2.339197874069214,312.6256103515625,818.2999877929688,-68.846507,-32.9159204
1751065410633353700,1149.7923537597655,7.584845542907715,0.8309633135795593,8.886134147644043,10.54800033569336,4.107837200164795,312.92816162109375,816.7000122070312,-68.846542,-32.9158932
1751065411633353700,1150.7923537597655,6.344590187072754,0.7528612017631531,8.896134376525879,10.621000289916992,5.13304328918457,313.000244140625,816.7000122070312,-68.8465856,-32.9158599
1751065413633353700,1152.7923537597655,4.319029808044434,0.7733692526817322,8.91613483428955,10.883000373840332,6.886437892913818,313.7369384765625,816.7000122070312,-68.8466854,-32.9157806
1751065414633353700,1153.7923537597655,3.7801177501678467,0.7657675743103027,8.92613410949707,10.890999794006348,7.59760856628418,313.94500732421875,816.7000122070312,-68.8467434,-32.9157318
1751065415633353700,1154.7923537597655,3.7150235176086426,1.1928118467330933,8.936134338378906,10.85200023651123,8.104242324829102,314.007568359375,816.7000122070312,-68.8468073,-32.9156804
1751065416633353700,1155.7923537597655,3.5696558952331543,1.2124768495559692,8.946134567260742,10.835000038146973,8.496936798095703,314.0305480957031,816.7000122070312,-68.8468749,-32.9156232
1751065417633353700,1156.7923537597655,3.572018623352051,1.4637280702590942,8.956134796142578,10.835000038146973,8.674423217773438,314.02447509765625,816.7000122070312,-68.8469451,-32.9155668
1751065418633353700,1157.7923537597655,3.6235499382019043,1.6144968271255493,8.966135025024414,10.88700008392334,8.751286506652832,314.0312805175781,816.7000122070312,-68.8470119,-32.9155099
1751065419633353700,1158.7923537597655,3.4772181510925293,0.9209777116775513,8.976134300231934,10.890000343322754,8.87056827545166,314.714111328125,816.7000122070312,-68.8470811,-32.9154504
1751065420633353700,1159.7923537597655,3.2275850772857666,0.8761849403381348,8.98613452911377,10.883000373840332,8.923261642456055,315.5823974609375,816.7000122070312,-68.847148,-32.9153908
1751065421633353700,1160.7923537597655,3.23789381980896,1.1463420391082764,8.996134757995605,10.859000205993652,8.951342582702637,316.3777770996094,816.7000122070312,-68.8472114,-32.9153317
1751065422633353700,1161.7923537597655,3.1316044330596924,0.9620810747146606,9.006134986877441,10.824000358581543,9.029007911682129,317.9837341308594,816.7000122070312,-68.847272,-32.9152687
1751065423633353700,1162.7923537597655,3.0182607173919678,0.8927485942840576,9.016134262084961,10.767000198364258,9.019967079162598,318.9912109375,816.7000122070312,-68.8473338,-32.9152058
1751065424633353700,1163.7923537597655,2.87981915473938,0.9121951460838318,9.026134490966797,10.67199993133545,9.059670448303223,318.9998474121094,816.7000122070312,-68.8474001,-32.9151392
1751065425633353700,1164.7923537597655,2.9106454849243164,1.2206555604934692,9.036134719848633,10.644000053405762,8.902094841003418,319.9873046875,816.7000122070312,-68.8474644,-32.9150767
1751065426633353700,1165.7923537597655,2.8916168212890625,1.1881077289581299,9.046134948730469,10.661999702453613,8.771855354309082,320.0014343261719,816.7000122070312,-68.8475236,-32.9150155
1751065427633353700,1166.7923537597655,3.0731499195098877,1.055509328842163,9.056134223937988,10.697999954223633,8.54240894317627,320.9909362792969,816.7000122070312,-68.8475792,-32.9149589
1751065428633353700,1167.7923537597655,3.0667810440063477,0.8949860334396362,9.066134452819824,10.706999778747559,8.262582778930664,320.01019287109375,816.7000122070312,-68.8476387,-32.9149041
1751065429633353700,1168.7923537597655,3.118126630783081,0.8700574636459351,9.07613468170166,10.734000205993652,8.299688339233398,319.9997253417969,816.7000122070312,-68.847701,-32.9148485
1751065430633353700,1169.7923537597655,3.192000150680542,0.8949860334396362,9.086134910583496,10.753000259399414,8.220694541931152,320.00030517578125,816.7000122070312,-68.8477593,-32.9147957
1751065431633353700,1170.7923537597655,2.77235746383667,0.5142956376075745,9.096134185791016,10.734000205993652,8.229970932006836,319.0035400390625,816.7000122070312,-68.8478215,-32.9147454
1751065432633353700,1171.7923537597655,2.713646411895752,0.5981638431549072,9.106134414672852,10.70199966430664,8.379255294799805,319.99530029296875,816.7000122070312,-68.8478758,-32.9146933
1751065433633353700,1172.7923537597655,2.6384329795837402,0.8386894464492798,9.116134643554688,10.680000305175781,9.04486083984375,319.0042724609375,816.7000122070312,-68.8479375,-32.9146363
1751065434633353700,1173.7923537597655,2.553955078125,0.7793586850166321,9.126134872436523,10.682999610900879,9.754837989807129,319.9910583496094,816.7000122070312,-68.8480032,-32.9145727
1751065435633353700,1174.7923537597655,2.5718441009521484,0.7932212948799133,9.136134147644043,10.696000099182129,10.45479965209961,319.0049743652344,816.7000122070312,-68.8480744,-32.9145004
1751065436633353700,1175.7923537597655,2.3310234546661377,0.7144927978515625,9.146134376525879,10.706999778747559,10.946633338928223,320.98699951171875,816.7000122070312,-68.8481473,-32.9144262
1751065437633353700,1176.7923537597655,2.3386669158935547,1.1300442218780518,9.156134605407715,10.769000053405762,10.999295234680176,320.999267578125,816.7000122070312,-68.8482244,-32.9143496
1751065438633353700,1177.7923537597655,2.1733875274658203,0.8261960744857788,9.16613483428955,10.845000267028809,11.00992202758789,320.9999084472656,816.7000122070312,-68.8483001,-32.9142727
1751065439633353700,1178.7923537597655,2.2348971366882324,0.8683317303657532,9.17613410949707,10.91100025177002,10.970332145690918,321.0002136230469,816.7000122070312,-68.8483728,-32.9141959
1751065440633353700,1179.7923537597655,2.2862367630004883,0.854283332824707,9.186134338378906,10.97700023651123,10.920412063598633,321.0002746582031,816.7000122070312,-68.8484454,-32.9141192
1751065441633353700,1180.7923537597655,2.2179079055786133,0.8450443744659424,9.196134567260742,11.013999938964844,10.900156021118164,321.0001220703125,816.7000122070312,-68.8485174,-32.9140436
1751065442633353700,1181.7923537597655,2.2077534198760986,0.8324061632156372,9.206134796142578,11.045999526977539,10.87001895904541,321.9928894042969,816.7000122070312,-68.8485854,-32.9139664
1751065443633353700,1182.7923537597655,2.1129636764526367,0.6453680992126465,9.216135025024414,11.055999755859375,10.860053062438965,322,816.7000122070312,-68.8486568,-32.9138885
1751065444633353700,1183.7923537597655,2.0958797931671143,1.100000023841858,9.226134300231934,11.038000106811523,10.830373764038086,322.0003662109375,816.7000122070312,-68.8487273,-32.9138113
1751065445633353700,1184.7923537597655,2.122023582458496,0.80056232213974,9.23613452911377,11.02299976348877,10.800004005432129,322.9935607910156,816.7000122070312,-68.8487959,-32.9137337
1751065446633353700,1185.7923537597655,2.0083677768707275,0.7463243007659912,9.246134757995605,11.005999565124512,10.879501342773438,322.9996032714844,816.7000122070312,-68.8488676,-32.9136521
1751065447633353700,1186.7923537597655,2.0253539085388184,0.765506386756897,9.256134986877441,10.987000465393066,10.889939308166504,322.9999694824219,816.7000122070312,-68.8489396,-32.9135715
1751065448633353700,1187.7923537597655,2.0507590770721436,0.6628725528717041,9.266134262084961,10.968999862670898,10.840126037597656,323.9952697753906,816.7000122070312,-68.8490075,-32.9134911
1751065449633353700,1188.7923537597655,2.059035539627075,0.7021396160125732,9.276134490966797,10.944999694824219,10.770408630371094,324.00030517578125,816.7000122070312,-68.8490728,-32.9134143
1751065450633353700,1189.7923537597655,2.1039888858795166,0.6780117750167847,9.286134719848633,10.932000160217285,10.70022201538086,324.99517822265625,816.7000122070312,-68.8491379,-32.9133386
1751065451633353700,1190.7923537597655,2.205869674682617,1.1182575225830078,9.296134948730469,10.937999725341797,10.778945922851562,324.99871826171875,816.7000122070312,-68.849207,-32.9132565
1751065452633353700,1191.7923537597655,2.1734092235565186,1.4239381551742554,9.306134223937988,10.972999572753906,10.672243118286133,325.0029296875,816.7000122070312,-68.8492723,-32.9131771
1751065453633353700,1192.7923537597655,2.207674503326416,0.6506919264793396,9.316134452819824,11.013999938964844,10.570515632629395,325.0003662109375,816.7000122070312,-68.8493346,-32.9131013
1751065454633353700,1193.7923537597655,2.202643632888794,0.7783315777778625,9.32613468170166,11.074000358581543,10.579672813415527,325.9936828613281,816.7000122070312,-68.8494003,-32.9130237
1751065455633353700,1194.7923537597655,2.221205711364746,0.7810249924659729,9.336134910583496,11.12399959564209,10.612942695617676,325.2567443847656,816.7000122070312,-68.8494685,-32.9129436
1751065456633353700,1195.7923537597655,2.271693706512451,1.0206860303878784,9.346134185791016,11.156999588012695,10.59337329864502,325.732421875,816.7000122070312,-68.8495336,-32.9128624
1751065457633353700,1196.7923537597655,2.407966136932373,0.9687620997428894,9.356134414672852,11.149999618530273,10.469022750854492,325.95361328125,816.7000122070312,-68.849593,-32.9127844
1751065458633353700,1197.7923537597655,2.3771634101867676,0.8184130787849426,9.366134643554688,11.083999633789062,10.449333190917969,325.9942321777344,816.7000122070312,-68.8496552,-32.9127045
1751065459633353700,1198.7923537597655,2.4142043590545654,0.8232861161231995,9.376134872436523,11.005999565124512,10.450156211853027,326.6994934082031,816.7000122070312,-68.8497174,-32.9126251
1751065460633353700,1199.7923537597655,2.3959686756134033,0.7874642610549927,9.386134147644043,10.911999702453613,10.36587905883789,327.6575927734375,816.7000122070312,-68.8497745,-32.9125448
1751065461633353700,1200.7923537597655,2.339017391204834,0.7824320793151855,9.396134376525879,10.819000244140625,9.972404479980469,328.0316162109375,816.7000122070312,-68.8498274,-32.9124666
1751065462633353700,1201.7923537597655,2.468803644180298,0.7710382342338562,9.406134605407715,10.711000442504883,9.302538871765137,328.235107421875,816.7000122070312,-68.8498796,-32.9123933
1751065463633353700,1202.7923537597655,2.6499340534210205,0.7963039875030518,9.41613483428955,10.621999740600586,8.585625648498535,329.0844421386719,816.7000122070312,-68.8499248,-32.9123266
1751065464633353700,1203.7923537597655,2.7464332580566406,0.9078546166419983,9.42613410949707,10.571999549865723,7.983766555786133,329.4007873535156,816.7000122070312,-68.8499671,-32.9122667
1751065465633353700,1204.7923537597655,2.8893165588378906,0.8745856285095215,9.436134338378906,10.545000076293945,7.678814888000488,329.2802429199219,816.7000122070312,-68.8500076,-32.9122103
1751065466633353700,1205.7923537597655,2.9631316661834717,1.1741379499435425,9.446134567260742,10.54699993133545,7.575617790222168,329.8134460449219,816.7000122070312,-68.850047,-32.9121532
1751065467633353700,1206.7923537597655,3.1513571739196777,1.3292479515075684,9.456134796142578,10.581000328063965,7.515360355377197,329.9817810058594,816.7000122070312,-68.8500874,-32.9120953
1751065468633353700,1207.7923537597655,3.0653061866760254,0.8080841302871704,9.466135025024414,10.623000144958496,7.555202484130859,329.9776306152344,816.7000122070312,-68.8501318,-32.9120365
1751065469633353700,1208.7923537597655,3.3114848136901855,0.8927485942840576,9.476134300231934,10.684000015258789,7.448278903961182,330.04754638671875,816.7000122070312,-68.8501715,-32.9119809
1751065470633353700,1209.7923537597655,3.4060254096984863,0.8605231046676636,9.48613452911377,10.72700023651123,7.270276069641113,330.1028747558594,816.7000122070312,-68.8502073,-32.9119276
1751065471633353700,1210.7923537597655,3.4415552616119385,0.7683749198913574,9.496134757995605,10.74899959564209,7.098662376403809,330.8345947265625,816.7000122070312,-68.850243,-32.9118718
1751065472633353700,1211.7923537597655,3.5571906566619873,0.6888396143913269,9.506134986877441,10.734000205993652,6.947500228881836,331.007080078125,816.7000122070312,-68.8502791,-32.9118169
1751065473633353700,1212.7923537597655,3.6856024265289307,0.8261960744857788,9.516134262084961,10.677000045776367,6.801044464111328,331.09283447265625,816.7000122070312,-68.8503184,-32.9117609
1751065474633353700,1213.7923537597655,3.686772584915161,1.196202278137207,9.526134490966797,10.630999565124512,6.6707611083984375,331.2271728515625,816.7000122070312,-68.8503477,-32.9117036
1751065475633353700,1214.7923537597655,3.915924549102783,1.5035957098007202,9.536134719848633,10.628999710083008,6.532281398773193,331.3492736816406,816.7000122070312,-68.8503764,-32.9116498
1751065476633353700,1215.7923537597655,4.59866189956665,0.9479451179504395,9.546134948730469,10.642999649047852,6.0658464431762695,332.0748291015625,816.7000122070312,-68.8503945,-32.9116043
1751065477633353700,1216.7923537597655,4.260648250579834,1.234584927558899,9.556134223937988,10.708999633789062,6.084620475769043,332.055908203125,816.7000122070312,-68.8504197,-32.9115474
1751065478633353700,1217.7923537597655,4.099230766296387,0.8580209612846375,9.566134452819824,10.782999992370605,6.045124053955078,332.80731201171875,816.7000122070312,-68.8504391,-32.9114938
1751065479633353700,1218.7923537597655,4.047427654266357,0.5813776850700378,9.57613468170166,10.843000411987305,5.963009834289551,332.9725341796875,816.7000122070312,-68.8504703,-32.9114448
1751065480633353700,1219.7923537597655,3.745708703994751,0.5658621788024902,9.586134910583496,10.89900016784668,6.170269012451172,332.14495849609375,816.7000122070312,-68.8505095,-32.9113906
1751065481633353700,1220.7923537597655,3.802957057952881,0.5869412422180176,9.596134185791016,10.868000030517578,6.185702800750732,332.0236511230469,816.7000122070312,-68.8505465,-32.9113411
1751065482633353700,1221.7923537597655,3.718796491622925,0.7981228232383728,9.606134414672852,10.814000129699707,6.214712142944336,331.9814147949219,816.7000122070312,-68.8505813,-32.9112919
1751065484633353700,1223.7923537597655,3.6363837718963623,0.8323460817337036,9.626134872436523,10.635000228881836,6.387149333953857,331.89349365234375,816.7000122070312,-68.8506336,-32.9111973
1751065485633353700,1224.7923537597655,3.538907527923584,1.134063482284546,9.636134147644043,10.602999687194824,6.878348350524902,332.04473876953125,816.7000122070312,-68.8506674,-32.911143
1751065486633353700,1225.7923537597655,3.2737679481506348,0.8640022873878479,9.646134376525879,10.57800006866455,7.667080402374268,332.4207763671875,816.7000122070312,-68.8507007,-32.9110828
1751065487633353700,1226.7923537597655,3.145190715789795,0.7961155772209167,9.656134605407715,10.583000183105469,8.366917610168457,333.35467529296875,816.7000122070312,-68.8507415,-32.9110153
1751065488633353700,1227.7923537597655,2.83622145652771,0.7780103087425232,9.66613483428955,10.569000244140625,8.881970405578613,335.1529846191406,816.7000122070312,-68.8507826,-32.9109389
1751065489633353700,1228.7923537597655,2.8561038970947266,1.1822435855865479,9.67613410949707,10.555999755859375,9.012614250183105,335.5523681640625,816.7000122070312,-68.8508191,-32.9108636
1751065490633353700,1229.7923537597655,2.819875717163086,1.3978912830352783,9.686134338378906,10.579999923706055,9.100922584533691,336.32745361328125,816.7000122070312,-68.8508602,-32.9107863
1751065491633353700,1230.7923537597655,2.719362497329712,0.8300602436065674,9.696134567260742,10.569999694824219,9.53166389465332,335.97113037109375,816.7000122070312,-68.8509059,-32.9107046
1751065492633353700,1231.7923537597655,2.437636375427246,0.8241965770721436,9.706134796142578,10.553999900817871,9.74267864227295,335.9015808105469,816.7000122070312,-68.8509517,-32.9106241
1751065493633353700,1232.7923537597655,2.4871408939361572,0.8823831081390381,9.716135025024414,10.491999626159668,9.884774208068848,335.9021911621094,816.7000122070312,-68.850997,-32.9105413
1751065494633353700,1233.7923537597655,2.5651161670684814,0.7961155772209167,9.726134300231934,10.423999786376953,9.968934059143066,335.9486389160156,816.7000122070312,-68.8510408,-32.9104572
1751065495633353700,1234.7923537597655,2.585648775100708,0.9202173948287964,9.73613452911377,10.402999877929688,9.9021577835083,336.0194091796875,816.7000122070312,-68.8510855,-32.910377
1751065496633353700,1235.7923537597655,2.5414252281188965,0.43046486377716064,9.746134757995605,10.354000091552734,9.66324520111084,335.9869079589844,816.7000122070312,-68.8511296,-32.9102949
1751065497633353700,1236.7923537597655,2.557420253753662,0.8043009638786316,5.788042068481445,10.303999900817871,9.496423721313477,336.1033630371094,810.449951171875,-68.8511732,-32.910213
1751065498633353700,1237.7923537597655,2.535423755645752,0.6262587308883667,5.833069324493408,10.227999687194824,9.291767120361328,336.0680847167969,812.048583984375,-68.8512148,-32.910133
1751065499633353700,1238.7923537597655,2.6291277408599854,1.0117806196212769,6.073124885559082,10.225000381469727,9.162445068359375,336.1450500488281,811.428466796875,-68.8512532,-32.9100556
1751065500633353700,1239.7923537597655,2.602137327194214,0.7134423851966858,6.224815368652344,10.255999565124512,8.968132972717285,336.86968994140625,810.253173828125,-68.8512907,-32.9099825
1751065501633353700,1240.7923537597655,2.6257729530334473,0.7256032228469849,6.423715591430664,10.262999534606934,8.816808700561523,337.0321350097656,810.6527099609375,-68.8513247,-32.9099086
1751065502633353700,1241.7923537597655,2.6617801189422607,0.913509726524353,6.589234828948975,10.267000198364258,8.681145668029785,337.1112060546875,811.1927490234375,-68.851357,-32.9098381
1751065503633353700,1242.7923537597655,2.6312320232391357,0.6887670159339905,6.480523586273193,10.263999938964844,8.58039379119873,337.8452453613281,810.096923828125,-68.8513879,-32.9097686
1751065504633353700,1243.7923537597655,2.658459424972534,0.7169379591941833,6.534338474273682,10.291000366210938,8.524487495422363,337.9904479980469,811.449951171875,-68.8514218,-32.9096957
1751065505633353700,1244.7923537597655,2.7283692359924316,0.9616652131080627,6.731008052825928,10.307000160217285,8.43049430847168,338.07879638671875,812.188720703125,-68.851456,-32.9096261
1751065506633353700,1245.7923537597655,2.715500831604004,0.7306161522865295,6.648733139038086,10.333000183105469,8.39537239074707,338.0292663574219,812.703369140625,-68.8514912,-32.9095556
1751065507633353700,1246.7923537597655,2.8380422592163086,1.065269947052002,6.728967666625977,10.350000381469727,8.313632011413574,338.0961608886719,812.546875,-68.8515236,-32.9094864
1751065508633353700,1247.7923537597655,2.8732218742370605,0.6236986517906189,6.995025157928467,10.362000465393066,8.185564041137695,338.8443298339844,812.2237548828125,-68.8515566,-32.9094177
1751065509633353700,1248.7923537597655,2.767005443572998,0.6171709895133972,7.007297039031982,10.404000282287598,8.166376113891602,338.97479248046875,811.34423828125,-68.8515887,-32.909348
1751065510633353700,1249.7923537597655,2.918222665786743,0.55901700258255,6.6449055671691895,10.468000411987305,7.914815425872803,339.8462829589844,811.641845703125,-68.8516191,-32.9092816
1751065511633353700,1250.7923537597655,2.9221999645233154,0.7560423016548157,6.205332279205322,10.543999671936035,7.788500785827637,340.04443359375,810.996826171875,-68.8516469,-32.9092149
1751065512633353700,1251.7923537597655,2.9660000801086426,0.530377209186554,5.9560980796813965,10.628999710083008,7.177812099456787,340.94696044921875,810.274658203125,-68.8516684,-32.9091526
1751065513633353700,1252.7923537597655,3.076828956604004,0.45967379212379456,5.94138765335083,10.696000099182129,6.50298547744751,341.942138671875,810.527099609375,-68.8516901,-32.9090935
1751065514633353700,1253.7923537597655,3.249469041824341,0.7323933243751526,6.240732669830322,10.76200008392334,6.131119728088379,342.3286437988281,811.6817626953125,-68.851713,-32.9090348
1751065515633353700,1254.7923537597655,3.639012098312378,0.7685050368309021,6.351592540740967,10.807999610900879,5.728344917297363,342.4098815917969,811.8680419921875,-68.8517347,-32.9089829
1751065516633353700,1255.7923537597655,3.756408452987671,0.4295346438884735,6.248342037200928,10.802000045776367,5.220527648925781,342.09661865234375,813.23486328125,-68.8517553,-32.9089356
1751065517633353700,1256.7923537597655,4.066413879394531,0.7211102843284607,6.392228126525879,10.76099967956543,4.97056245803833,342.2893371582031,812.6898193359375,-68.8517743,-32.9088928
1751065519633353700,1258.7923537597655,4.356402397155762,1.2786320447921753,6.7152204513549805,10.685999870300293,4.617276191711426,341.5686950683594,812.232177734375,-68.8518091,-32.9088174
1751065520633353700,1259.7923537597655,4.752933979034424,1.5161134004592896,1.6275649070739746,10.692999839782715,4.451134204864502,341.708251953125,814.8999633789062,-68.8518252,-32.9087819
1751065521633353700,1260.7923537597655,4.610675811767578,1.6101242303848267,1.6375648975372314,10.76099967956543,4.171215534210205,342.1854248046875,814.8999633789062,-68.8518404,-32.9087485
1751065522633353700,1261.7923537597655,4.441202640533447,1.7504570484161377,1.6475648880004883,10.949999809265137,3.8387417793273926,342.76318359375,814.8999633789062,-68.8518552,-32.9087178
1751065523633353700,1262.7923537597655,5.41146993637085,1.259245753288269,1.6575648784637451,11.050000190734863,3.2198750972747803,343.10223388671875,814.8999633789062,-68.8518665,-32.9086924
1751065524633353700,1263.7923537597655,6.737009048461914,1.1720068454742432,1.667564868927002,11.10099983215332,2.4752423763275146,344.2386169433594,814.8999633789062,-68.8518715,-32.9086758
1751065525633353700,1264.7923537597655,8.185259819030762,1.158015489578247,1.801016926765442,11.105999946594238,1.7635499238967896,345.9315490722656,816,-68.8518763,-32.908664
1751065526633353700,1265.7923537597655,10.739561080932617,1.1720068454742432,1.8110169172286987,11.08899974822998,1.242213487625122,346.8912658691406,816,-68.8518809,-32.9086551
1751065527633353700,1266.7923537597655,16.655595779418945,1.1720068454742432,1.8210170269012451,11.02299976348877,0.8244670033454895,348.1268310546875,816,-68.8518817,-32.9086524
1751065528633353700,1267.7923537597655,45,1.1560276746749878,1.831017017364502,10.87399959564209,0.8097376227378845,348.01055908203125,816,-68.8518789,-32.9086523
1751065529633353700,1268.7923537597655,45,0.8102468848228455,1.8410170078277588,10.934000015258789,0.7816967368125916,347.99169921875,816,-68.8518776,-32.9086519
1751065530633353700,1269.7923537597655,45,0.5608029961585999,2.308823347091675,11.053000450134277,0.7367761731147766,348.0085144042969,820.2000122070312,-68.8518767,-32.908652
1751065531633353700,1270.7923537597655,45,0.9773945212364197,2.3188233375549316,11.289999961853027,0.6796287894248962,348.0259704589844,820.2000122070312,-68.8518762,-32.9086523
1751065532633353700,1271.7923537597655,45,0.6262587308883667,2.3288233280181885,11.522000312805176,0.6121553182601929,348.03533935546875,820.2000122070312,-68.8518758,-32.9086528
1751065533633353700,1272.7923537597655,45,0.6484597325325012,2.3388233184814453,11.64799976348877,0.5360430479049683,348.0396728515625,820.2000122070312,-68.8518753,-32.908654
1751065534633353700,1273.7923537597655,45,0.6935416460037231,2.348823308944702,11.755000114440918,0.4635135233402252,348.0404357910156,820.2000122070312,-68.851875,-32.9086549
1751065535633353700,1274.7923537597655,45,0.25612497329711914,2.102595329284668,11.644000053405762,0.3930624723434448,348.039794921875,815.3999633789062,-68.8518747,-32.908656
1751065536633353700,1275.7923537597655,45,0.5780138373374939,2.112595319747925,11.494999885559082,0.3319472372531891,348.03802490234375,815.3999633789062,-68.8518745,-32.9086567
1751065537633353700,1276.7923537597655,45,0.6754257678985596,2.1225953102111816,11.281999588012695,0.27964290976524353,348.0351867675781,815.3999633789062,-68.8518743,-32.9086573
1751065538633353700,1277.7923537597655,45,0.4973931908607483,2.1325953006744385,11.059000015258789,0.2346007376909256,348.03192138671875,815.3999633789062,-68.8518742,-32.9086578
1751065539633353700,1278.7923537597655,45,0.24698178470134735,2.1425952911376953,10.9399995803833,0.19611358642578125,348.0287780761719,815.3999633789062,-68.8518741,-32.9086582
1751065540633353700,1279.7923537597655,45,0.24413111805915833,3.0307319164276123,10.74899959564209,0.16217368841171265,348.02606201171875,820.2000122070312,-68.8518739,-32.9086587
1751065541633353700,1280.7923537597655,45,0.24413111805915833,3.040731906890869,10.670000076293945,0.13498947024345398,348.0238952636719,820.2000122070312,-68.8518739,-32.908659
1751065542633353700,1281.7923537597655,45,0.24413111805915833,3.050731897354126,10.58899974822998,0.11207139492034912,348.02203369140625,820.2000122070312,-68.8518738,-32.9086592
1751065543633353700,1282.7923537597655,0,0.24413111805915833,3.060731887817383,10.482999801635742,0.09302747249603271,0,820.2000122070312,-68.8518737,-32.9086595
1751065544633353700,1283.7923537597655,0,0.24413111805915833,3.0707318782806396,10.38599967956543,0.07742321491241455,0,820.2000122070312,-68.8518737,-32.9086596
1751065545633353700,1284.7923537597655,0,0.24413111805915833,3.008439779281616,10.263999938964844,0.06421355903148651,0,815.2999877929688,-68.8518737,-32.9086598
1751065546633353700,1285.7923537597655,0,0.24413111805915833,3.018439769744873,10.204000473022461,0.053228627890348434,0,815.2999877929688,-68.8518736,-32.9086599
1751065547633353700,1286.7923537597655,9.279608726501465,0.34669873118400574,3.02843976020813,10.138999938964844,1.0696073770523071,339.7491455078125,815.2999877929688,-68.8518821,-32.9086472
1751065548633353700,1287.7923537597655,8.396678924560547,0.9126883149147034,3.0384397506713867,10.08899974822998,1.6019155979156494,336.6304016113281,815.2999877929688,-68.8518893,-32.9086348
1751065550633353700,1289.7923537597655,8.264286994934082,2.9267899990081787,3.6410984992980957,10.039999961853027,2.039823293685913,334.5422058105469,820.2000122070312,-68.8519096,-32.9085915
1751065551633353700,1290.7923537597655,6.84791898727417,0.8060396909713745,3.6510984897613525,10.038999557495117,4.079904079437256,340.0781555175781,820.2000122070312,-68.8519248,-32.908552
1751065552633353700,1291.7923537597655,6.166223049163818,0.7800641059875488,3.6610984802246094,10.092000007629395,5.135390281677246,340.5478820800781,820.2000122070312,-68.8519428,-32.9085062
1751065554633353700,1293.7923537597655,5.505342483520508,0.893756091594696,3.681098461151123,10.29800033569336,6.549162864685059,341.5703125,820.2000122070312,-68.8519851,-32.9083952
1751065555633353700,1294.7923537597655,5.463634014129639,0.9548298120498657,3.69109845161438,10.439000129699707,7.028022766113281,341.02142333984375,820.2000122070312,-68.8520099,-32.9083314
1751065556633353700,1295.7923537597655,5.256494998931885,1.204325556755066,3.7010984420776367,10.585000038146973,7.180275917053223,341.49957275390625,820.2000122070312,-68.8520343,-32.908267
1751065557633353700,1296.7923537597655,5.202347755432129,1.270275592803955,3.7110984325408936,10.729000091552734,7.259098529815674,341.7440490722656,820.2000122070312,-68.8520593,-32.9082032
1751065558633353700,1297.7923537597655,5.149127006530762,1.0044898986816406,3.7210984230041504,10.845999717712402,7.455153942108154,341.85784912109375,820.2000122070312,-68.8520849,-32.9081374
1751065559633353700,1298.7923537597655,4.861207485198975,1.21016526222229,3.7310984134674072,10.95199966430664,7.844768047332764,341.6761779785156,820.2000122070312,-68.8521108,-32.9080679
1751065560633353700,1299.7923537597655,3.774019241333008,0.8500000238418579,3.741098403930664,10.970000267028809,8.610292434692383,341.0163269042969,820.2000122070312,-68.8521411,-32.9079929
1751065561633353700,1300.7923537597655,3.131801128387451,0.638200581073761,3.751098394393921,10.980999946594238,9.338117599487305,341.73291015625,820.2000122070312,-68.852171,-32.9079131
1751065562633353700,1301.7923537597655,2.9969465732574463,1.0729864835739136,3.7610983848571777,10.991999626159668,9.626614570617676,341.6676940917969,820.2000122070312,-68.8522063,-32.9078279
1751065563633353700,1302.7923537597655,2.784470558166504,0.7932212948799133,3.7710983753204346,11,9.856598854064941,342.6242980957031,820.2000122070312,-68.8522396,-32.9077396
1751065564633353700,1303.7923537597655,2.3985190391540527,0.7685050368309021,3.7810983657836914,10.98900032043457,10.056767463684082,342.8509826660156,820.2000122070312,-68.8522742,-32.9076496
1751065565633353700,1304.7923537597655,2.293419599533081,0.8184130787849426,3.7910983562469482,10.96399974822998,10.156723976135254,343.70745849609375,820.2000122070312,-68.8523078,-32.9075583
1751065566633353700,1305.7923537597655,2.2991645336151123,0.7382411360740662,3.801098346710205,10.932999610900879,10.137206077575684,343.9465637207031,820.2000122070312,-68.8523377,-32.9074692
1751065567633353700,1306.7923537597655,2.247749090194702,1.0413932800292969,3.811098337173462,10.892000198364258,10.104125022888184,344.767333984375,820.2000122070312,-68.8523655,-32.9073808
1751065568633353700,1307.7923537597655,2.3253896236419678,1.1542097330093384,3.8210983276367188,10.82699966430664,10.103550910949707,344.93914794921875,820.2000122070312,-68.8523921,-32.9072936
1751065569633353700,1308.7923537597655,2.3387362957000732,1.122942566871643,3.8310983180999756,10.737000465393066,10.131022453308105,345.723388671875,820.2000122070312,-68.852415,-32.9072053
1751065570633353700,1309.7923537597655,2.368866205215454,1.1463420391082764,3.8410983085632324,10.666000366210938,10.183388710021973,346.6575622558594,820.2000122070312,-68.8524359,-32.9071152
1751065571633353700,1310.7923537597655,2.476329803466797,1.4166157245635986,3.8510982990264893,10.612000465393066,10.213595390319824,346.8779296875,820.2000122070312,-68.8524599,-32.9070233
1751065572633353700,1311.7923537597655,2.5750653743743896,1.3038405179977417,3.861098289489746,10.588000297546387,10.177334785461426,347.7174987792969,820.2000122070312,-68.8524795,-32.9069391
1751065573633353700,1312.7923537597655,2.6551506519317627,1.4988328218460083,3.871098518371582,10.600000381469727,10.157382011413574,347.9279479980469,820.2000122070312,-68.8524982,-32.906853
1751065574633353700,1313.7923537597655,2.7441000938415527,1.6055216789245605,3.881098508834839,10.666999816894531,10.128070831298828,347.9960632324219,820.2000122070312,-68.852519,-32.9067672
1751065575633353700,1314.7923537597655,2.7390735149383545,1.6414932012557983,3.8910984992980957,10.774999618530273,10.141824722290039,347.9899597167969,820.2000122070312,-68.8525394,-32.9066772
1751065576633353700,1315.7923537597655,2.77197265625,1.6685922145843506,3.9010984897613525,10.888999938964844,10.193574905395508,347.9584655761719,820.2000122070312,-68.8525618,-32.9065848
1751065577633353700,1316.7923537597655,2.7998404502868652,0.8200609683990479,3.9110984802246094,10.930999755859375,10.227624893188477,347.9884338378906,820.2000122070312,-68.8525846,-32.906494
1751065578633353700,1317.7923537597655,2.762117862701416,1.1011357307434082,3.921098470687866,10.954999923706055,10.212206840515137,348.00390625,820.2000122070312,-68.8526067,-32.9064059
1751065579633353700,1318.7923537597655,2.8829596042633057,0.8920201659202576,3.931098461151123,10.935999870300293,10.363030433654785,347.9684143066406,820.2000122070312,-68.8526334,-32.906309
1751065580633353700,1319.7923537597655,2.890723705291748,0.826801061630249,3.94109845161438,10.866999626159668,10.317856788635254,347.9999694824219,820.2000122070312,-68.852661,-32.9062164
1751065581633353700,1320.7923537597655,2.7932262420654297,1.0705605745315552,3.9510984420776367,10.77299976348877,10.196860313415527,348.07763671875,820.2000122070312,-68.852685,-32.9061221
1751065582633353700,1321.7923537597655,2.834357738494873,1.3857128620147705,3.9610984325408936,10.668999671936035,10.070182800292969,348.1470947265625,820.2000122070312,-68.852709,-32.9060325
1751065583633353700,1322.7923537597655,2.777479410171509,1.5519342422485352,3.9710984230041504,10.642000198364258,9.936394691467285,348.2018127441406,820.2000122070312,-68.8527283,-32.9059424
1751065584633353700,1323.7923537597655,2.786384105682373,1.3207573890686035,3.9810984134674072,10.62600040435791,9.712510108947754,348.9573059082031,820.2000122070312,-68.8527423,-32.905854
1751065585633353700,1324.7923537597655,2.944363594055176,0.765506386756897,3.991098403930664,10.593999862670898,9.381124496459961,349.0260009765625,820.2000122070312,-68.8527604,-32.9057705
1751065586633353700,1325.7923537597655,2.82222318649292,0.7462573051452637,4.0010986328125,10.539999961853027,9.170977592468262,349.8404235839844,820.2000122070312,-68.852778,-32.9056887
1751065587633353700,1326.7923537597655,2.8318912982940674,1.21016526222229,4.011098384857178,10.503999710083008,8.949405670166016,350.1755676269531,820.2000122070312,-68.8527962,-32.9056076
1751065588633353700,1327.7923537597655,2.876352310180664,1.196202278137207,4.021098613739014,10.458999633789062,8.439279556274414,351.2039794921875,820.2000122070312,-68.852811,-32.9055348
1751065589633353700,1328.7923537597655,2.9555346965789795,1.3038405179977417,4.031098365783691,10.401000022888184,7.951096057891846,351.49176025390625,820.2000122070312,-68.8528294,-32.9054656
1751065590633353700,1329.7923537597655,3.2969443798065186,0.9350935816764832,4.041098594665527,10.329000473022461,7.257843017578125,352.14544677734375,820.2000122070312,-68.8528463,-32.9054047
1751065591633353700,1330.7923537597655,3.4758546352386475,0.915477991104126,4.051098346710205,10.277999877929688,6.779281139373779,352.248291015625,820.2000122070312,-68.8528593,-32.9053457
1751065592633353700,1331.7923537597655,3.7244653701782227,0.8487638235092163,4.061098575592041,10.251999855041504,6.34536075592041,353.0191955566406,820.2000122070312,-68.8528674,-32.9052895
1751065593633353700,1332.7923537597655,3.852983236312866,0.8840814232826233,4.071098327636719,10.220000267028809,6.0119194984436035,353.9647216796875,820.2000122070312,-68.8528695,-32.9052345
1751065594633353700,1333.7923537597655,3.996176242828369,0.8720091581344604,4.081098556518555,10.21500015258789,5.701127529144287,354.12744140625,820.2000122070312,-68.8528723,-32.9051835
1751065595633353700,1334.7923537597655,4.217663764953613,0.6648308038711548,4.091098308563232,10.199999809265137,5.283213138580322,354.00274658203125,820.2000122070312,-68.8528766,-32.9051332
1751065596633353700,1335.7923537597655,3.9045228958129883,0.8521150350570679,4.101098537445068,10.21500015258789,5.161436080932617,354.9988098144531,820.2000122070312,-68.8528808,-32.9050873
1751065597633353700,1336.7923537597655,4.241319179534912,4.901346683502197,4.111098289489746,10.262999534606934,3.045060157775879,356.4046325683594,820.2000122070312,-68.8528819,-32.9050714
1751065598633353700,1337.7923537597655,3.833895683288574,1.21016526222229,4.121098518371582,10.302000045776367,4.816655158996582,354.9606018066406,820.2000122070312,-68.8528834,-32.9050612
1751065599633353700,1338.7923537597655,4.253279685974121,0.8544588685035706,4.13109827041626,10.32699966430664,4.809659481048584,355.997314453125,820.2000122070312,-68.8528874,-32.9050316
1751065601633353700,1340.7923537597655,4.437496662139893,0.8340862989425659,4.151098251342773,10.343000411987305,4.631169319152832,356.0008544921875,820.2000122070312,-68.852898,-32.9049296
1751065602633353700,1341.7923537597655,4.78493595123291,0.8080222606658936,1.5281634330749512,10.336000442504883,4.304099082946777,355.0063781738281,811.3999633789062,-68.8529074,-32.9048574
1751065603633353700,1342.7923537597655,4.995946407318115,0.8580209612846375,1.538163423538208,10.303999900817871,3.73732852935791,356.0044860839844,811.3999633789062,-68.8529098,-32.9048086
1751065604633353700,1343.7923537597655,4.764074802398682,1.196202278137207,1.5481634140014648,10.302000045776367,3.3399312496185303,356.0111999511719,811.3999633789062,-68.8529129,-32.9047734
1751065606633353700,1345.7923537597655,5.714558124542236,1.1822435855865479,1.568163514137268,10.343000411987305,2.7353341579437256,356.0073547363281,811.3999633789062,-68.8529227,-32.9047186
1751065607633353700,1346.7923537597655,6.021279811859131,1.1822435855865479,1.1341478824615479,10.371000289916992,2.661759853363037,356.0024719238281,810.2000122070312,-68.8529291,-32.9046943
1751065608633353700,1347.7923537597655,5.966299057006836,1.234584927558899,1.1441478729248047,10.413000106811523,2.6992740631103516,355.0003356933594,810.2000122070312,-68.8529354,-32.9046671
1751065609633353700,1348.7923537597655,7.39999532699585,0.8431488871574402,1.1541478633880615,10.413999557495117,1.9095715284347534,356.0166320800781,810.2000122070312,-68.8529351,-32.9046441
1751065610633353700,1349.7923537597655,7.762697696685791,1.234584927558899,1.1641478538513184,10.402000427246094,1.3545660972595215,356.0419006347656,810.2000122070312,-68.8529341,-32.9046326
1751065611633353700,1350.7923537597655,9.653560638427734,1.202081561088562,1.1741478443145752,10.406999588012695,1.086606740951538,356.023681640625,810.2000122070312,-68.8529349,-32.9046213
1751065612633353700,1351.7923537597655,12.638723373413086,0.9829038381576538,4.104090690612793,10.392999649047852,0.844022274017334,356.018310546875,811.2000122070312,-68.8529305,-32.9046117
1751065613633353700,1352.7923537597655,15.44066333770752,0.9417536854743958,4.114090442657471,10.39799976348877,0.564287543296814,356.02947998046875,811.2000122070312,-68.8529297,-32.9046046
1751065614633353700,1353.7923537597655,7.432926177978516,0.8720091581344604,4.124090671539307,10.402999877929688,0.37254196405410767,356.0271301269531,811.2000122070312,-68.8529278,-32.9045987
1751065615633353700,1354.7923537597655,7.533045291900635,1.1322985887527466,4.134090423583984,10.454000473022461,0.18417170643806458,355.1129455566406,811.2000122070312,-68.8529293,-32.904596
1751065616633353700,1355.7923537597655,45,0.8321658372879028,4.14409065246582,10.503999710083008,0.1810978800058365,355.0078430175781,811.2000122070312,-68.8529351,-32.9045961
1751065617633353700,1356.7923537597655,45,1.4413882493972778,2.1758594512939453,10.550000190734863,0.17267179489135742,304.3680114746094,810.2000122070312,-68.8529386,-32.9045963
1751065618633353700,1357.7923537597655,45,1.2571793794631958,2.185859441757202,10.604000091552734,0.19889825582504272,291.5370788574219,810.2000122070312,-68.852941,-32.9045958
1751065619633353700,1358.7923537597655,0,0.32649654150009155,2.195859432220459,10.64900016784668,0.09388354420661926,0,810.2000122070312,-68.8529408,-32.9045954
1751065620633353700,1359.7923537597655,45,0.20248456299304962,2.205859422683716,10.64799976348877,0.11638133972883224,358.92938232421875,810.2000122070312,-68.8529401,-32.9045939
1751065621633353700,1360.7923537597655,45,0.2140093445777893,2.2158594131469727,10.602999687194824,0.13622651994228363,287.1109924316406,810.2000122070312,-68.8529427,-32.9045941
1751065622633353700,1361.7923537597655,45,0.2080865204334259,2.087611675262451,10.53600025177002,0.22532661259174347,287.9186096191406,810.2000122070312,-68.8529458,-32.9045933
1751065623633353700,1362.7923537597655,45,0.20248456299304962,2.097611665725708,10.458999633789062,0.13854584097862244,288.0479431152344,810.2000122070312,-68.8529464,-32.9045931
1751065624633353700,1363.7923537597655,0,0.23600848019123077,2.107611656188965,10.392000198364258,0.06238105893135071,0,810.2000122070312,-68.8529464,-32.9045931
1751065625633353700,1364.7923537597655,0,0.27586227655410767,2.1176116466522217,10.312000274658203,0.021689575165510178,0,810.2000122070312,-68.8529463,-32.9045932
1751065626633353700,1365.7923537597655,0,0.20248456299304962,2.1276116371154785,10.25100040435791,0.00521177239716053,0,810.2000122070312,-68.8529462,-32.9045932
1751065627633353700,1366.7923537597655,0,0.2163330763578415,5.805004119873047,10.201000213623047,0.00016731063078623265,0,810.2999877929688,-68.8529461,-32.9045932
1751065628633353700,1367.7923537597655,0,0.27586227655410767,5.815003871917725,10.15999984741211,0.0007184009882621467,0,810.2999877929688,-68.8529461,-32.9045932
1751065629633353700,1368.7923537597655,0,0.3047950267791748,5.8250041007995605,10.118000030517578,0.0005325021338649094,0,810.2999877929688,-68.8529461,-32.9045932
1751065630633353700,1369.7923537597655,0,0.2828427255153656,5.835003852844238,10.098999977111816,0.000263294845353812,0,810.2999877929688,-68.8529461,-32.9045932
1751065631633353700,1370.7923537597655,0,0.3440930247306824,5.845004081726074,10.097999572753906,0.00010059119085781276,0,810.2999877929688,-68.8529461,-32.9045932
1751065632633353700,1371.7923537597655,0,0.32802438735961914,4.5892839431762695,10.109999656677246,0.000028518601538962685,0,810.2000122070312,-68.8529461,-32.9045932
1751065633633353700,1372.7923537597655,0,0.3201562166213989,4.599283695220947,10.163999557495117,0.000003985865532740718,0,810.2000122070312,-68.8529461,-32.9045932
1751065634633353700,1373.7923537597655,0,0.31240999698638916,4.609283924102783,10.241999626159668,0.0000019012393295270158,0,810.2000122070312,-68.8529461,-32.9045932
1751065635633353700,1374.7923537597655,0,0.32649654150009155,4.619283676147461,10.29800033569336,0.0000020448590021260316,0,810.2000122070312,-68.8529461,-32.9045932
1751065636633353700,1375.7923537597655,8.760897636413574,0.3773592412471771,4.629283905029297,10.336000442504883,0.669356107711792,353.9947814941406,810.2000122070312,-68.8529465,-32.9045892
1751065637633353700,1376.7923537597655,9.40076732635498,0.7375635504722595,2.686683416366577,10.35099983215332,1.303999662399292,353.9750061035156,810.2000122070312,-68.8529475,-32.904583
1751065639633353700,1378.7923537597655,8.889925003051758,2.193171262741089,2.70668363571167,10.383000373840332,2.5908305644989014,353.9135437011719,810.2000122070312,-68.8529486,-32.9045449
1751065640633353700,1379.7923537597655,7.578407287597656,0.8668333292007446,2.7166836261749268,10.401000022888184,3.8853728771209717,354.98577880859375,810.2000122070312,-68.8529487,-32.904503
1751065641633353700,1380.7923537597655,6.3283233642578125,0.802122175693512,2.7266836166381836,10.437000274658203,4.76023006439209,355.9913635253906,810.2000122070312,-68.8529521,-32.9044605
1751065642633353700,1381.7923537597655,5.509799957275391,0.9426027536392212,2.5811996459960938,10.434000015258789,5.7053375244140625,356.99053955078125,810.2000122070312,-68.8529533,-32.9044102
1751065644633353700,1383.7923537597655,3.0606589317321777,0.5793962478637695,2.6011996269226074,10.446999549865723,7.385195255279541,357.00140380859375,810.2000122070312,-68.852955,-32.9042887
1751065645633353700,1384.7923537597655,2.774264335632324,0.5818934440612793,2.6111996173858643,10.354000091552734,8.294629096984863,356.001220703125,810.2000122070312,-68.8529612,-32.9042143
1751065646633353700,1385.7923537597655,2.523430347442627,0.6140032410621643,2.621199607849121,10.281999588012695,9.074851036071777,355.99871826171875,810.2000122070312,-68.8529701,-32.9041333
1751065647633353700,1386.7923537597655,2.0840508937835693,0.5470831990242004,2.631199598312378,10.206999778747559,9.577369689941406,355.9993591308594,810.2000122070312,-68.8529755,-32.9040479
1751065648633353700,1387.7923537597655,2.1229822635650635,0.6168467998504639,2.6411995887756348,10.15999984741211,9.599849700927734,355.9999694824219,810.2000122070312,-68.8529808,-32.9039621
1751065649633353700,1388.7923537597655,1.9510433673858643,1.0885311365127563,2.6511995792388916,10.126999855041504,9.639183044433594,355.99969482421875,810.2000122070312,-68.8529882,-32.903876
1751065650633353700,1389.7923537597655,1.9933496713638306,1.4029254913330078,2.6611995697021484,10.166999816894531,9.688326835632324,355.9993591308594,810.2000122070312,-68.8529926,-32.9037896
1751065651633353700,1390.7923537597655,2.190331220626831,0.9759098291397095,2.6711995601654053,10.270000457763672,9.818014144897461,355.99932861328125,810.2000122070312,-68.8530004,-32.9036997
1751065652633353700,1391.7923537597655,2.2642829418182373,0.8321658372879028,2.681199550628662,10.347999572753906,9.721162796020508,356.0003662109375,810.2000122070312,-68.8530059,-32.9036117
1751065653633353700,1392.7923537597655,2.3674442768096924,0.8321658372879028,2.691199541091919,10.430000305175781,9.60134220123291,356.9974670410156,810.2000122070312,-68.8530112,-32.9035252
1751065654633353700,1393.7923537597655,2.4033865928649902,0.6525335311889648,2.701199531555176,10.489999771118164,9.421326637268066,357.0002746582031,810.2000122070312,-68.8530147,-32.903441
1751065655633353700,1394.7923537597655,2.2398884296417236,1.1720068454742432,2.7111995220184326,10.531999588012695,9.302699089050293,357.9981384277344,810.2000122070312,-68.8530164,-32.9033571
1751065656633353700,1395.7923537597655,2.1614556312561035,0.5946427583694458,2.7211995124816895,10.51200008392334,9.21054744720459,358.0000915527344,810.2000122070312,-68.8530153,-32.9032749
1751065657633353700,1396.7923537597655,2.1274049282073975,0.6742402911186218,2.7311995029449463,10.468999862670898,9.090924263000488,358.998046875,810.2000122070312,-68.8530153,-32.9031942
1751065658633353700,1397.7923537597655,2.0869863033294678,1.1280070543289185,2.741199493408203,10.434000015258789,8.904001235961914,359.0188903808594,810.2000122070312,-68.8530145,-32.9031164
1751065659633353700,1398.7923537597655,2.2160942554473877,1.3771346807479858,2.75119948387146,10.42300033569336,8.610538482666016,359.0445556640625,810.2000122070312,-68.8530142,-32.9030389
1751065660633353700,1399.7923537597655,2.1819539070129395,1.5430489778518677,2.761199474334717,10.458999633789062,8.25104808807373,359.8963623046875,810.2000122070312,-68.8530124,-32.9029674
1751065661633353700,1400.7923537597655,2.5637354850769043,0.9617692232131958,2.7711994647979736,10.456999778747559,7.727540969848633,359.9859313964844,810.2000122070312,-68.8530086,-32.9028985
1751065662633353700,1401.7923537597655,2.639439821243286,1.158015489578247,2.7811994552612305,10.470999717712402,7.398324966430664,359.9985046386719,810.2000122070312,-68.853007,-32.9028337
1751065663633353700,1402.7923537597655,2.70154070854187,1.339888095855713,2.7911996841430664,10.512999534606934,7.139007091522217,0.0005742912762798369,810.2000122070312,-68.8530033,-32.9027707
1751065664633353700,1403.7923537597655,2.766238212585449,1.4686048030853271,2.8011996746063232,10.59000015258789,6.92197847366333,0.8362513780593872,810.2000122070312,-68.8529995,-32.9027097
1751065665633353700,1404.7923537597655,2.9415862560272217,1.5965588092803955,2.81119966506958,10.6850004196167,6.725606441497803,0.9402698874473572,810.2000122070312,-68.8529963,-32.9026515
1751065666633353700,1405.7923537597655,3.067361831665039,1.4549914598464966,2.821199655532837,10.767999649047852,6.60592794418335,0.9741460084915161,810.2000122070312,-68.8529935,-32.9025931
1751065667633353700,1406.7923537597655,3.22011661529541,1.6189193725585938,2.8311996459960938,10.927000045776367,6.570784568786621,0.9891436696052551,810.2000122070312,-68.8529918,-32.9025338
1751065668633353700,1407.7923537597655,3.260564088821411,1.4724808931350708,2.8411996364593506,11.059000015258789,6.56585693359375,0.9980026483535767,810.2000122070312,-68.8529896,-32.9024749
1751065669633353700,1408.7923537597655,3.470858097076416,1.4029254913330078,2.8511996269226074,11.135000228881836,6.566952228546143,1.828531265258789,810.2000122070312,-68.8529807,-32.9024168
1751065670633353700,1409.7923537597655,3.6782467365264893,1.6144968271255493,2.8611996173858643,11.196999549865723,6.5142903327941895,1.9532814025878906,810.2000122070312,-68.852977,-32.9023614
1751065671633353700,1410.7923537597655,3.599945068359375,1.7870925664901733,2.871199607849121,11.27400016784668,6.526905536651611,1.9977158308029175,810.2000122070312,-68.8529726,-32.9023025
1751065672633353700,1411.7923537597655,3.683500051498413,1.5697451829910278,2.881199598312378,11.331000328063965,6.318719863891602,1.9350471496582031,810.2000122070312,-68.8529848,-32.9022536
1751065673633353700,1412.7923537597655,4.0517401695251465,0.873212456703186,2.8911995887756348,11.253999710083008,6.030677795410156,2.765481948852539,810.2000122070312,-68.8529906,-32.9022076
1751065674633353700,1413.7923537597655,4.20719575881958,0.8927485942840576,2.9011995792388916,11.178999900817871,5.878071308135986,2.925374984741211,810.2000122070312,-68.852993,-32.9021598
1751065675633353700,1414.7923537597655,4.214460372924805,1.1860016584396362,2.9111995697021484,11.121999740600586,5.854849815368652,2.97598934173584,810.2000122070312,-68.8529923,-32.9021095
1751065676633353700,1415.7923537597655,4.135696887969971,1.4549914598464966,2.9211995601654053,11.04699993133545,5.950465679168701,3.047435998916626,810.2000122070312,-68.8529924,-32.9020563
1751065677633353700,1416.7923537597655,4.179525852203369,1.6055216789245605,2.931199550628662,10.930000305175781,6.242399215698242,3.1652252674102783,810.2000122070312,-68.8529912,-32.9019995
1751065678633353700,1417.7923537597655,3.7664318084716797,1.0040916204452515,2.941199541091919,10.746999740600586,6.990747928619385,3.945767402648926,810.2000122070312,-68.8529812,-32.9019321
1751065679633353700,1418.7923537597655,3.6562676429748535,0.9689685106277466,2.951199531555176,10.626999855041504,7.397309303283691,4.861185550689697,810.2000122070312,-68.8529705,-32.9018566
1751065680633353700,1419.7923537597655,3.5757808685302734,0.9219544529914856,2.9611995220184326,10.519000053405762,7.942873001098633,4.2754974365234375,810.2000122070312,-68.8529566,-32.9017659
1751065681633353700,1420.7923537597655,3.4585914611816406,1.2206555604934692,2.9711995124816895,10.428000450134277,8.110506057739258,4.118572235107422,810.2000122070312,-68.8529511,-32.901684
1751065682633353700,1421.7923537597655,3.403754949569702,1.4988328218460083,2.9811995029449463,10.35200023651123,8.234044075012207,5.625883102416992,810.2000122070312,-68.8529383,-32.9016073
1751065683633353700,1422.7923537597655,3.5616259574890137,0.9693812727928162,2.991199493408203,10.253999710083008,8.45766830444336,5.93916654586792,810.2000122070312,-68.8529253,-32.9015267
1751065684633353700,1423.7923537597655,3.484874725341797,0.896437406539917,3.00119948387146,10.211000442504883,8.509431838989258,6.754461765289307,810.2000122070312,-68.852911,-32.9014514
1751065685633353700,1424.7923537597655,3.0954267978668213,0.6630988121032715,3.011199474334717,10.175000190734863,8.551136016845703,6.157158374786377,810.2000122070312,-68.8529005,-32.9013769
1751065686633353700,1425.7923537597655,2.9026355743408203,1.1881077289581299,3.0211994647979736,10.152000427246094,8.5894775390625,6.059223651885986,810.2000122070312,-68.852892,-32.9013021
1751065687633353700,1426.7923537597655,2.8033084869384766,1.481249451637268,3.0311994552612305,10.156000137329102,8.676752090454102,6.869611740112305,810.2000122070312,-68.8528775,-32.9012215
1751065688633353700,1427.7923537597655,2.820685386657715,1.7048753499984741,3.0411996841430664,10.194000244140625,8.761955261230469,7.049556732177734,810.2000122070312,-68.8528642,-32.9011403
1751065689633353700,1428.7923537597655,3.0393013954162598,1.0630146265029907,3.0511996746063232,10.21500015258789,8.77064323425293,7.013861179351807,810.2000122070312,-68.8528547,-32.9010632
1751065690633353700,1429.7923537597655,2.9159955978393555,0.7592759728431702,3.06119966506958,10.220000267028809,8.830753326416016,7.010006427764893,810.2000122070312,-68.852846,-32.9009872
1751065691633353700,1430.7923537597655,3.0037219524383545,0.9616652131080627,3.071199655532837,10.246999740600586,8.810751914978027,6.9963483810424805,810.2000122070312,-68.8528389,-32.9009137
1751065692633353700,1431.7923537597655,2.9530012607574463,0.7874642610549927,3.0811996459960938,10.274999618530273,8.814349174499512,7.000635623931885,810.2000122070312,-68.8528301,-32.9008393
1751065693633353700,1432.7923537597655,2.922590494155884,0.8949860334396362,3.0911996364593506,10.258000373840332,8.769533157348633,7.771495819091797,810.2000122070312,-68.85282,-32.9007623
1751065694633353700,1433.7923537597655,2.897620439529419,1.1560276746749878,3.1011996269226074,10.175000190734863,8.57294750213623,7.8153395652771,810.2000122070312,-68.8528067,-32.9006861
1751065695633353700,1434.7923537597655,2.9166576862335205,1.4375673532485962,3.1111996173858643,10.163999557495117,8.350882530212402,8.478617668151855,810.2000122070312,-68.8527919,-32.9006124
1751065696633353700,1435.7923537597655,2.9920523166656494,1.6234838962554932,3.121199607849121,10.223999977111816,8.116203308105469,8.576762199401855,810.2000122070312,-68.8527777,-32.9005415
1751065697633353700,1436.7923537597655,3.1959450244903564,1.140175461769104,3.131199598312378,10.28499984741211,7.859837532043457,8.77937126159668,810.2000122070312,-68.8527633,-32.9004714
1751065698633353700,1437.7923537597655,3.181790828704834,0.8343859910964966,3.1411995887756348,10.380999565124512,7.6248393058776855,9.686285018920898,810.2000122070312,-68.8527495,-32.9004018
1751065699633353700,1438.7923537597655,3.237597942352295,1.2067310810089111,3.1511995792388916,10.489999771118164,7.519147872924805,9.815101623535156,810.2000122070312,-68.8527361,-32.9003338
1751065700633353700,1439.7923537597655,3.2296955585479736,0.9265527725219727,3.1611995697021484,10.557999610900879,7.3812971115112305,9.898504257202148,810.2000122070312,-68.852723,-32.9002677
1751065701633353700,1440.7923537597655,3.254262685775757,1.3122880458831787,3.1711995601654053,10.560999870300293,7.286402702331543,9.86544132232666,810.2000122070312,-68.8527133,-32.9002063
1751065702633353700,1441.7923537597655,3.1851601600646973,1.5519342422485352,3.181199550628662,10.529000282287598,7.2383904457092285,10.630377769470215,810.2000122070312,-68.8526952,-32.9001417
1751065703633353700,1442.7923537597655,3.2076117992401123,1.7230786085128784,3.191199541091919,10.557999610900879,7.177798271179199,10.056890487670898,810.2000122070312,-68.8526813,-32.9000773
1751065704633353700,1443.7923537597655,3.4170966148376465,1.7596021890640259,3.201199531555176,10.595000267028809,7.0761799812316895,10.597285270690918,810.2000122070312,-68.8526628,-32.9000186
1751065705633353700,1444.7923537597655,3.487851142883301,1.8423082828521729,3.2111995220184326,10.694999694824219,6.99119234085083,10.752753257751465,810.2000122070312,-68.8526473,-32.8999589
1751065706633353700,1445.7923537597655,3.4621291160583496,1.8423082828521729,3.2211995124816895,10.847000122070312,6.939113616943359,10.840836524963379,810.2000122070312,-68.8526319,-32.8998974
1751065707633353700,1446.7923537597655,3.442361354827881,1.9015783071517944,3.2311995029449463,11.045000076293945,6.960555553436279,10.951470375061035,810.2000122070312,-68.8526159,-32.8998312
1751065708633353700,1447.7923537597655,3.3802378177642822,1.9722322225570679,3.241199493408203,11.262999534606934,6.993971347808838,11.004392623901367,810.2000122070312,-68.8526012,-32.8997649
1751065709633353700,1448.7923537597655,3.490964651107788,1.9163768291473389,3.25119948387146,11.397000312805176,7.064197063446045,11.052582740783691,810.2000122070312,-68.8525925,-32.8996959
1751065710633353700,1449.7923537597655,3.591644763946533,2.0189602375030518,3.261199474334717,11.586000442504883,7.147602558135986,10.396693229675293,810.2000122070312,-68.8525872,-32.8996273
1751065711633353700,1450.7923537597655,3.8128976821899414,2.075234889984131,3.2711994647979736,11.782999992370605,7.238626480102539,10.270482063293457,810.2000122070312,-68.8525778,-32.8995631
1751065712633353700,1451.7923537597655,3.992241382598877,2.0002501010894775,3.2811994552612305,11.937999725341797,7.482438564300537,10.439176559448242,810.2000122070312,-68.852568,-32.8995002
1751065713633353700,1452.7923537597655,4.007658004760742,2.0002501010894775,3.2911996841430664,12.036999702453613,7.921609401702881,9.949026107788086,810.2000122070312,-68.8525625,-32.8994286
1751065714633353700,1453.7923537597655,4.039468765258789,1.9722322225570679,3.3011996746063232,12.057000160217285,8.421747207641602,9.79910945892334,810.2000122070312,-68.8525551,-32.8993541
1751065715633353700,1454.7923537597655,4.047700881958008,2.00382137298584,3.31119966506958,12.12399959564209,8.985690116882324,9.760591506958008,810.2000122070312,-68.8525431,-32.8992705
1751065716633353700,1455.7923537597655,4.042526721954346,1.953586459159851,3.321199655532837,12.088000297546387,9.431482315063477,10.332545280456543,810.2000122070312,-68.8525236,-32.8991955
1751065717633353700,1456.7923537597655,3.396991014480591,1.025914192199707,3.3311996459960938,11.824000358581543,10.375398635864258,10.19436264038086,810.2000122070312,-68.8524924,-32.8991074
1751065718633353700,1457.7923537597655,3.327106475830078,0.9899494647979736,3.3411996364593506,11.569000244140625,10.695430755615234,10.850260734558105,810.2000122070312,-68.8524518,-32.8990187
1751065719633353700,1458.7923537597655,3.277352809906006,1.351517677307129,3.3511996269226074,11.312999725341797,10.766244888305664,11.023902893066406,810.2000122070312,-68.8524183,-32.8989301
1751065720633353700,1459.7923537597655,3.2634317874908447,1.6055216789245605,3.3611996173858643,11.180000305175781,10.819122314453125,11.058391571044922,810.2000122070312,-68.8523968,-32.8988364
1751065721633353700,1460.7923537597655,3.262376546859741,1.7596021890640259,3.371199607849121,11.071999549865723,10.812018394470215,11.032615661621094,810.2000122070312,-68.8523758,-32.8987461
1751065722633353700,1461.7923537597655,3.0921337604522705,1.8330848217010498,3.381199598312378,11.024999618530273,10.990130424499512,11.131951332092285,810.2000122070312,-68.8523495,-32.8986377
1751065723633353700,1462.7923537597655,3.1892716884613037,1.836981177330017,3.3911995887756348,11.166999816894531,11.140326499938965,11.138082504272461,810.2000122070312,-68.8523211,-32.89853
1751065724633353700,1463.7923537597655,3.305614709854126,1.768756628036499,3.4011995792388916,11.32800006866455,11.092839241027832,11.055842399597168,810.2000122070312,-68.8522933,-32.89844
1751065725633353700,1464.7923537597655,3.3279831409454346,1.8146624565124512,3.4111995697021484,11.550999641418457,10.982125282287598,10.960686683654785,810.2000122070312,-68.8522626,-32.8983474
1751065726633353700,1465.7923537597655,3.39375638961792,1.0332473516464233,3.4211995601654053,11.605999946594238,10.48110294342041,11.625164985656738,810.2000122070312,-68.8522306,-32.8982574
1751065727633353700,1466.7923537597655,3.4079418182373047,0.9899494647979736,3.431199550628662,11.564000129699707,10.056791305541992,11.071435928344727,810.2000122070312,-68.852208,-32.8981653
1751065728633353700,1467.7923537597655,3.3464760780334473,0.9687620997428894,3.441199541091919,11.449000358581543,9.606453895568848,10.86207103729248,810.2000122070312,-68.8521927,-32.8980796
1751065729633353700,1468.7923537597655,3.1391348838806152,1.3260844945907593,5.076064586639404,11.270000457763672,9.2722806930542,10.639010429382324,804.546630859375,-68.8521824,-32.898
1751065730633353700,1469.7923537597655,3.178987979888916,0.9829038381576538,5.108288288116455,11.071000099182129,8.772281646728516,10.714728355407715,803.80419921875,-68.8521696,-32.8979242
1751065731633353700,1470.7923537597655,3.350504159927368,0.983107328414917,5.500332832336426,10.86400032043457,8.445055961608887,10.779827117919922,804.767822265625,-68.8521458,-32.8978479
1751065732633353700,1471.7923537597655,3.255189895629883,1.3345410823822021,5.8835835456848145,10.781999588012695,8.225494384765625,11.413562774658203,804.40087890625,-68.8521235,-32.8977776
1751065733633353700,1472.7923537597655,3.2854909896850586,1.5786703824996948,5.678672790527344,10.769000053405762,7.996090888977051,11.518475532531738,804.1279296875,-68.852096,-32.8977132
1751065735633353700,1474.7923537597655,3.6360809803009033,0.8720091581344604,5.168893337249756,10.6899995803833,7.409026145935059,11.878833770751953,804.27587890625,-68.8520442,-32.8975874
1751065736633353700,1475.7923537597655,3.5622105598449707,1.2675172090530396,4.950403213500977,10.670000076293945,7.29711389541626,11.828043937683105,803.43505859375,-68.8520283,-32.8975252
1751065737633353700,1476.7923537597655,3.4373250007629395,1.534177303314209,5.019624710083008,10.651000022888184,7.23792028427124,12.55053424835205,803.0672607421875,-68.8519973,-32.8974583
1751065738633353700,1477.7923537597655,3.7513303756713867,0.997045636177063,5.066765785217285,10.583999633789062,7.004981517791748,12.766161918640137,804.982666015625,-68.8519806,-32.8973941
1751065739633353700,1478.7923537597655,4.062068462371826,0.91678786277771,5.278276443481445,10.508000373840332,6.733858585357666,12.807344436645508,805.702392578125,-68.8519605,-32.897336
1751065740633353700,1479.7923537597655,3.919520378112793,1.2841339111328125,5.499928951263428,10.49899959564209,6.505166530609131,12.582709312438965,805.3428955078125,-68.8519495,-32.8972766
1751065741633353700,1480.7923537597655,3.96061635017395,1.5519342422485352,5.690629005432129,10.574999809265137,6.2338080406188965,12.288183212280273,805.3321533203125,-68.8519396,-32.897218
1751065742633353700,1481.7923537597655,4.126119613647461,1.6234838962554932,5.709040641784668,10.711999893188477,5.88477087020874,12.040841102600098,805.0654296875,-68.8519325,-32.8971663
1751065743633353700,1482.7923537597655,4.408421993255615,1.6414932012557983,5.739567756652832,10.859999656677246,5.476483345031738,11.906331062316895,803.7928466796875,-68.851914,-32.8971268
1751065744633353700,1483.7923537597655,4.361062049865723,1.741321325302124,5.9956955909729,11.079999923706055,5.153544902801514,12.561203956604004,806.755859375,-68.8518877,-32.897086
1751065746633353700,1485.7923537597655,5.793210029602051,1.4589036703109741,6.06183385848999,11.47599983215332,3.984689712524414,11.269320487976074,805.9000244140625,-68.8518697,-32.8970178
1751065747633353700,1486.7923537597655,7.308678150177002,1.650515079498291,5.93580961227417,11.619000434875488,3.2561070919036865,9.617670059204102,804.4853515625,-68.8518671,-32.8970015
1751065748633353700,1487.7923537597655,8.733297348022461,1.3857128620147705,6.199326515197754,11.696000099182129,2.238253593444824,8.28706169128418,802.5205078125,-68.8518548,-32.8969943
1751065749633353700,1488.7923537597655,8.934500694274902,1.346291184425354,6.242177963256836,11.718999862670898,1.5892722606658936,7.416991710662842,802.990234375,-68.8518637,-32.8969748
1751065750633353700,1489.7923537597655,14.754648208618164,0.6963475942611694,6.112694263458252,11.621000289916992,1.0639210939407349,10.860862731933594,802.498046875,-68.8518715,-32.8969578
1751065751633353700,1490.7923537597655,7.689699172973633,0.9269843697547913,6.167469501495361,11.508999824523926,0.7086265087127686,8.365267753601074,804.953369140625,-68.851875,-32.8969514
1751065752633353700,1491.7923537597655,15.452625274658203,1.3038405179977417,10.4287691116333,11.428999900817871,0.5560628175735474,8.027472496032715,800.2999877929688,-68.8518786,-32.8969432
1751065753633353700,1492.7923537597655,7.882836818695068,0.8720091581344604,10.43876838684082,11.288000106811523,0.34333235025405884,8.526926040649414,800.2999877929688,-68.8518819,-32.8969334
1751065754633353700,1493.7923537597655,7.946965217590332,1.2124768495559692,10.448768615722656,11.147000312805176,0.28117379546165466,8.901335716247559,800.2999877929688,-68.8518872,-32.8969232
1751065755633353700,1494.7923537597655,8.322012901306152,1.4202111959457397,10.458768844604492,11.027999877929688,0.25514036417007446,9.823997497558594,800.2999877929688,-68.8518936,-32.896919
1751065756633353700,1495.7923537597655,8.150080680847168,1.4589036703109741,10.468769073486328,11.001999855041504,0.24085916578769684,12.130128860473633,800.2999877929688,-68.8518952,-32.8969201
1751065757633353700,1496.7923537597655,8.24381160736084,1.3755725622177124,10.478768348693848,10.991000175476074,0.19874706864356995,10.117249488830566,800.2999877929688,-68.8518994,-32.8969212
1751065758633353700,1497.7923537597655,45,1.3806158304214478,10.488768577575684,10.965999603271484,0.183240607380867,10.93016242980957,800.2999877929688,-68.8519001,-32.8969251
1751065759633353700,1498.7923537597655,45,1.7139719724655151,10.49876880645752,11.034000396728516,0.1622261255979538,11.81788158416748,800.2999877929688,-68.8519007,-32.896928
1751065760633353700,1499.7923537597655,45,0.28999999165534973,10.508769035339355,11.100000381469727,0.1398126184940338,12.685269355773926,800.2999877929688,-68.8519011,-32.8969298
1751065761633353700,1500.7923537597655,45,0.14212670922279358,10.518768310546875,11.104999542236328,0.11827415972948074,13.48272705078125,800.2999877929688,-68.8519013,-32.8969309
1751065762633353700,1501.7923537597655,0,0.2163330763578415,10.528768539428711,11.03499984741211,0.09914930164813995,0,800.2999877929688,-68.8519015,-32.8969317
1751065763633353700,1502.7923537597655,0,0.15000000596046448,10.538768768310547,10.934000015258789,0.08279982954263687,0,800.2999877929688,-68.8519016,-32.8969321
1751065765633353700,1504.7923537597655,0,0.17804494500160217,10.558769226074219,10.657999992370605,0.05771039053797722,0,800.2999877929688,-68.8519017,-32.8969326
1751065766633353700,1505.7923537597655,0,0.3606937825679779,10.568768501281738,10.529000282287598,0.04820234328508377,0,800.2999877929688,-68.8519017,-32.8969328
1751065767633353700,1506.7923537597655,0,0.44045430421829224,10.578768730163574,10.484999656677246,0.04033464193344116,0,800.2999877929688,-68.8519018,-32.8969329
1751065768633353700,1507.7923537597655,8.808720588684082,0.5269724726676941,10.58876895904541,10.505000114440918,0.44585534930229187,13.664470672607422,800.2999877929688,-68.8519006,-32.8969307
1751065769633353700,1508.7923537597655,9.52819538116455,0.42059481143951416,10.598769187927246,10.598999977111816,1.1489070653915405,13.82776165008545,800.2999877929688,-68.8518983,-32.8969279
1751065770633353700,1509.7923537597655,9.067021369934082,1.6292942762374878,10.608768463134766,10.75,1.4234998226165771,17.78697395324707,800.2999877929688,-68.8518941,-32.8969203
1751065771633353700,1510.7923537597655,9.274006843566895,2.6300759315490723,10.618768692016602,10.951000213623047,1.657069444656372,19.16958999633789,800.2999877929688,-68.8518847,-32.8969048
1751065772633353700,1511.7923537597655,8.941975593566895,3.1631946563720703,12.402027130126953,11.180000305175781,1.9100430011749268,19.08578109741211,800.2999877929688,-68.8518733,-32.8968775
1751065773633353700,1512.7923537597655,8.974291801452637,4.992193698883057,12.412027359008789,11.302000045776367,2.0806586742401123,18.538978576660156,800.2999877929688,-68.8518579,-32.8968441
1751065774633353700,1513.7923537597655,7.688348770141602,2.950000047683716,12.422026634216309,11.32800006866455,3.1467511653900146,19.288833618164062,800.2999877929688,-68.85184,-32.8967956
1751065775633353700,1514.7923537597655,7.582000255584717,3.4985711574554443,12.432026863098145,11.331999778747559,3.930025100708008,18.755939483642578,800.2999877929688,-68.851821,-32.8967402
1751065776633353700,1515.7923537597655,7.342545509338379,3.197890043258667,12.44202709197998,11.28600025177002,4.733312129974365,17.52790069580078,800.2999877929688,-68.8518023,-32.8966778
1751065777633353700,1516.7923537597655,6.986380577087402,1.4988328218460083,1.9139293432235718,11.196999549865723,6.128808498382568,14.636791229248047,800.2999877929688,-68.8517773,-32.8966101
1751065778633353700,1517.7923537597655,6.609726905822754,1.5616978406906128,1.9239293336868286,11.095000267028809,6.810826778411865,15.285292625427246,800.2999877929688,-68.8517449,-32.8965437
1751065780633353700,1519.7923537597655,6.021570205688477,1.8515398502349854,1.9439293146133423,11.25,7.839973449707031,15.095016479492188,800.2999877929688,-68.8516933,-32.8963959
1751065781633353700,1520.7923537597655,6.1355109214782715,1.9163768291473389,1.9539293050765991,11.402999877929688,7.9638471603393555,15.237492561340332,800.2999877929688,-68.851658,-32.8963265
1751065782633353700,1521.7923537597655,5.7689056396484375,1.953586459159851,1.963929295539856,11.581999778747559,8.098432540893555,15.275442123413086,800.2999877929688,-68.8516221,-32.8962508
1751065783633353700,1522.7923537597655,5.811954498291016,2.0283243656158447,1.9739292860031128,11.843999862670898,8.161066055297852,15.167120933532715,800.2999877929688,-68.8516028,-32.896177
1751065784633353700,1523.7923537597655,5.00306510925293,0.9693812727928162,1.9839292764663696,11.883000373840332,8.438331604003906,15.028754234313965,800.2999877929688,-68.8515843,-32.8961011
1751065785633353700,1524.7923537597655,4.047571182250977,0.9935793876647949,1.9939292669296265,11.83899974822998,8.881928443908691,15.154481887817383,800.2999877929688,-68.851564,-32.8960257
1751065786633353700,1525.7923537597655,3.9071128368377686,1.372005820274353,2.003929376602173,11.701000213623047,9.70617389678955,16.01922035217285,800.2999877929688,-68.8515333,-32.895954
1751065787633353700,1526.7923537597655,3.850003480911255,1.654841423034668,2.0139293670654297,11.569000244140625,10.544642448425293,15.04770278930664,800.2999877929688,-68.8515032,-32.8958537
1751065788633353700,1527.7923537597655,3.8077919483184814,1.796273946762085,2.0239293575286865,11.432999610900879,10.740274429321289,15.010676383972168,800.2999877929688,-68.8514792,-32.8957621
1751065789633353700,1528.7923537597655,3.6611759662628174,1.8978145122528076,2.0339293479919434,11.239999771118164,10.854825973510742,15.005332946777344,800.2999877929688,-68.851451,-32.8956637
1751065790630344000,1529.7893439941406,3.5263142585754395,1.925668716430664,2.0438992977142334,11.25100040435791,11.183494567871094,14.027083396911621,800.2999877929688,-68.8514245,-32.8955518
1751065791631407900,1530.7904079589844,3.6353371143341064,1.962906002998352,2.0539097785949707,11.354999542236328,11.15249252319336,13.997428894042969,800.2999877929688,-68.8514001,-32.8954512
1751065792632344000,1531.7913439941406,3.6524672508239746,1.7321951389312744,2.0639193058013916,11.489999771118164,11.018409729003906,14.978785514831543,800.2999877929688,-68.8513737,-32.8953501
1751065794631141600,1533.7901416015625,3.71297287940979,0.9829038381576538,2.083907127380371,11.496999740600586,9.802054405212402,13.990941047668457,800.2999877929688,-68.8513332,-32.895164
1751065796631078000,1535.7900778808594,3.9037609100341797,0.9759098291397095,2.1039066314697266,11.442999839782715,8.709284782409668,13.991317749023438,800.2999877929688,-68.8513078,-32.8950075
1751065797631078000,1536.7900778808594,3.917114019393921,1.0255242586135864,2.1139066219329834,11.392000198364258,8.5032377243042,13.003486633300781,800.2999877929688,-68.8512982,-32.8949271
1751065798631078000,1537.7900778808594,4.065379619598389,1.122942566871643,2.1239066123962402,11.376999855041504,8.20616626739502,12.993213653564453,800.2999877929688,-68.8512863,-32.8948493
